scenario,policy,seed,status,totalScore,swaps,rerolls,coinsEarned,coinsSpent,coinsEnding,bestWaveCount,shuffles,cappedResolutions
baseline,greedy,1,lost,1551,23,0,2,0,2,3,0,0
baseline,greedy,2,lost,891,14,0,2,0,2,3,0,0
baseline,greedy,3,lost,1334,19,0,2,0,2,4,0,0
baseline,greedy,4,lost,1386,26,0,5,0,5,4,0,0
baseline,greedy,5,lost,1467,24,0,2,0,2,3,0,0
baseline,greedy,6,lost,697,18,0,2,0,2,3,0,0
baseline,greedy,7,won,1350,19,0,4,0,4,4,0,0
baseline,greedy,8,lost,1340,25,0,5,0,5,5,1,0
baseline,greedy,9,lost,1437,22,0,5,0,5,4,0,0
baseline,greedy,10,won,1921,15,0,1,0,1,5,0,0
baseline,greedy,11,lost,1280,17,0,7,0,7,7,0,0
baseline,greedy,12,lost,806,14,0,3,0,3,3,0,0
baseline,greedy,13,lost,861,13,0,8,0,8,4,0,0
baseline,greedy,14,lost,1310,23,0,6,0,6,4,0,0
baseline,greedy,15,won,1601,22,0,5,0,5,3,0,0
baseline,greedy,16,won,1488,17,0,4,0,4,3,0,0
baseline,greedy,17,won,1562,16,0,5,0,5,3,0,0
baseline,greedy,18,won,1477,16,0,4,0,4,4,0,0
baseline,greedy,19,lost,1343,16,0,2,0,2,7,0,0
baseline,greedy,20,lost,1400,22,0,6,0,6,4,0,0
baseline,greedy,21,lost,1326,20,0,1,0,1,5,0,0
baseline,greedy,22,lost,209,10,0,0,0,0,3,0,0
baseline,greedy,23,lost,1100,19,0,2,0,2,4,0,0
baseline,greedy,24,won,1613,23,0,4,0,4,5,1,0
baseline,greedy,25,won,1549,28,0,5,0,5,3,0,0
baseline,greedy,26,lost,1388,14,0,5,0,5,5,0,0
baseline,greedy,27,lost,946,17,0,2,0,2,4,0,0
baseline,greedy,28,lost,247,10,0,1,0,1,2,0,0
baseline,greedy,29,lost,629,14,0,4,0,4,3,1,0
baseline,greedy,30,won,1406,24,0,4,0,4,4,0,0
baseline,greedy,31,lost,1653,19,0,2,0,2,5,0,0
baseline,greedy,32,lost,640,16,0,1,0,1,4,0,0
baseline,greedy,33,lost,1482,25,0,7,0,7,4,0,0
baseline,greedy,34,won,1669,19,0,3,0,3,5,0,0
baseline,greedy,35,lost,660,12,0,1,0,1,2,0,0
baseline,greedy,36,lost,1269,20,0,3,0,3,5,0,0
baseline,greedy,37,lost,695,17,0,1,0,1,2,0,0
baseline,greedy,38,lost,1290,18,0,4,0,4,4,1,0
baseline,greedy,39,won,1359,20,0,5,0,5,5,0,0
baseline,greedy,40,lost,1134,24,0,3,0,3,3,0,0
baseline,greedy,41,won,1467,22,0,4,0,4,4,0,0
baseline,greedy,42,lost,1219,25,0,7,0,7,3,0,0
baseline,greedy,43,lost,984,22,0,2,0,2,4,0,0
baseline,greedy,44,won,1686,16,0,4,0,4,6,0,0
baseline,greedy,45,lost,816,19,0,6,0,6,3,0,0
baseline,greedy,46,lost,1100,20,0,7,0,7,4,0,0
baseline,greedy,47,lost,1091,16,0,6,0,6,4,0,0
baseline,greedy,48,lost,1272,14,0,2,0,2,8,0,0
baseline,greedy,49,lost,256,10,0,0,0,0,2,0,0
baseline,greedy,50,lost,909,20,0,5,0,5,3,0,0
baseline,greedy,51,lost,1333,16,0,4,0,4,5,0,0
baseline,greedy,52,lost,624,15,0,3,0,3,3,0,0
baseline,greedy,53,lost,246,10,0,0,0,0,3,0,0
baseline,greedy,54,won,1356,23,0,8,0,8,4,0,0
baseline,greedy,55,won,1619,15,0,2,0,2,4,0,0
baseline,greedy,56,won,1467,19,0,8,0,8,4,0,0
baseline,greedy,57,lost,1194,28,0,7,0,7,3,0,0
baseline,greedy,58,lost,1226,17,0,3,0,3,4,0,0
baseline,greedy,59,lost,1171,20,0,3,0,3,5,0,0
baseline,greedy,60,lost,245,10,0,2,0,2,2,0,0
baseline,greedy,61,lost,1038,28,0,4,0,4,2,0,0
baseline,greedy,62,lost,1214,20,0,4,0,4,3,0,0
baseline,greedy,63,won,1460,11,0,4,0,4,4,0,0
baseline,greedy,64,lost,853,17,0,3,0,3,6,0,0
baseline,greedy,65,lost,1138,19,0,2,0,2,3,0,0
baseline,greedy,66,won,1495,22,0,4,0,4,4,0,0
baseline,greedy,67,won,2106,23,0,10,0,10,6,0,0
baseline,greedy,68,lost,1197,22,0,4,0,4,4,0,0
baseline,greedy,69,won,1749,12,0,5,0,5,5,0,0
baseline,greedy,70,lost,1346,16,0,2,0,2,4,0,0
baseline,greedy,71,won,1540,14,0,2,0,2,6,0,0
baseline,greedy,72,won,1350,20,0,8,0,8,3,0,0
baseline,greedy,73,lost,254,10,0,2,0,2,2,0,0
baseline,greedy,74,won,1514,13,0,5,0,5,5,0,0
baseline,greedy,75,won,1332,23,0,5,0,5,3,0,0
baseline,greedy,76,lost,788,14,0,5,0,5,3,0,0
baseline,greedy,77,won,1687,19,0,5,0,5,4,0,0
baseline,greedy,78,lost,1304,20,0,3,0,3,3,0,0
baseline,greedy,79,lost,1228,18,0,7,0,7,2,0,0
baseline,greedy,80,lost,1326,26,0,7,0,7,3,0,0
baseline,greedy,81,lost,1292,25,0,8,0,8,3,0,0
baseline,greedy,82,lost,1263,27,0,8,0,8,4,1,0
baseline,greedy,83,lost,1257,23,0,1,0,1,6,0,0
baseline,greedy,84,lost,1364,29,0,4,0,4,4,0,0
baseline,greedy,85,lost,684,18,0,2,0,2,3,0,0
baseline,greedy,86,won,1670,25,0,4,0,4,4,0,0
baseline,greedy,87,lost,1538,17,0,2,0,2,3,2,0
baseline,greedy,88,lost,1205,24,0,2,0,2,3,0,0
baseline,greedy,89,lost,617,13,0,1,0,1,4,0,0
baseline,greedy,90,lost,662,15,0,2,0,2,3,0,0
baseline,greedy,91,lost,252,10,0,2,0,2,2,0,0
baseline,greedy,92,lost,879,14,0,2,0,2,3,0,0
baseline,greedy,93,lost,1190,21,0,3,0,3,4,1,0
baseline,greedy,94,lost,456,14,0,0,0,0,2,0,0
baseline,greedy,95,lost,1661,17,0,3,0,3,4,0,0
baseline,greedy,96,won,1529,10,0,2,0,2,5,0,0
baseline,greedy,97,lost,1256,22,0,3,0,3,3,1,0
baseline,greedy,98,lost,1285,20,0,5,0,5,4,1,0
baseline,greedy,99,lost,518,15,0,3,0,3,3,1,0
baseline,greedy,100,lost,686,16,0,2,0,2,3,0,0
baseline,spender,1,lost,1551,23,0,2,0,2,3,0,0
baseline,spender,2,lost,891,14,0,2,0,2,3,0,0
baseline,spender,3,lost,1334,19,0,2,0,2,4,0,0
baseline,spender,4,lost,1404,26,1,4,3,1,4,0,0
baseline,spender,5,lost,1467,24,0,2,0,2,3,0,0
baseline,spender,6,lost,697,18,0,2,0,2,3,0,0
baseline,spender,7,won,1403,17,2,6,6,0,4,0,0
baseline,spender,8,lost,561,19,1,3,3,0,4,1,0
baseline,spender,9,lost,1091,22,1,3,3,0,3,0,0
baseline,spender,10,won,1921,15,0,1,0,1,5,0,0
baseline,spender,11,lost,1336,17,2,8,6,2,7,1,0
baseline,spender,12,lost,657,14,1,4,3,1,3,0,0
baseline,spender,13,won,1588,21,1,6,3,3,4,0,0
baseline,spender,14,won,1371,17,2,7,6,1,4,1,0
baseline,spender,15,lost,1318,23,1,5,3,2,3,0,0
baseline,spender,16,won,1488,17,0,4,0,4,3,0,0
baseline,spender,17,won,1525,20,2,6,6,0,3,0,0
baseline,spender,18,won,1394,15,1,5,3,2,4,0,0
baseline,spender,19,lost,1343,16,0,2,0,2,7,0,0
baseline,spender,20,won,1840,20,1,7,3,4,4,0,0
baseline,spender,21,lost,1326,20,0,1,0,1,5,0,0
baseline,spender,22,lost,209,10,0,0,0,0,3,0,0
baseline,spender,23,lost,1100,19,0,2,0,2,4,0,0
baseline,spender,24,lost,1250,25,2,6,6,0,3,1,0
baseline,spender,25,lost,1105,25,1,4,3,1,4,0,0
baseline,spender,26,won,1379,11,1,3,3,0,3,0,0
baseline,spender,27,lost,946,17,0,2,0,2,4,0,0
baseline,spender,28,lost,247,10,0,1,0,1,2,0,0
baseline,spender,29,lost,1248,24,4,12,12,0,4,1,0
baseline,spender,30,won,1418,24,1,4,3,1,3,1,0
baseline,spender,31,lost,1653,19,0,2,0,2,5,0,0
baseline,spender,32,lost,640,16,0,1,0,1,4,0,0
baseline,spender,33,won,1741,20,2,6,6,0,4,0,0
baseline,spender,34,won,1794,21,1,5,3,2,5,0,0
baseline,spender,35,lost,660,12,0,1,0,1,2,0,0
baseline,spender,36,lost,1472,20,1,5,3,2,5,0,0
baseline,spender,37,lost,695,17,0,1,0,1,2,0,0
baseline,spender,38,won,1526,16,1,5,3,2,4,0,0
baseline,spender,39,won,1769,20,2,6,6,0,4,0,0
baseline,spender,40,won,1390,20,1,3,3,0,5,0,0
baseline,spender,41,lost,1315,24,1,4,3,1,6,0,0
baseline,spender,42,lost,1312,28,1,6,3,3,3,0,0
baseline,spender,43,lost,984,22,0,2,0,2,4,0,0
baseline,spender,44,lost,1235,20,1,4,3,1,4,0,0
baseline,spender,45,lost,732,19,1,3,3,0,3,0,0
baseline,spender,46,won,1415,13,1,5,3,2,5,0,0
baseline,spender,47,won,1562,10,1,4,3,1,5,0,0
baseline,spender,48,lost,1272,14,0,2,0,2,8,0,0
baseline,spender,49,lost,256,10,0,0,0,0,2,0,0
baseline,spender,50,lost,1477,18,1,5,3,2,4,0,0
baseline,spender,51,lost,1313,16,1,3,3,0,5,0,0
baseline,spender,52,lost,624,15,0,3,0,3,3,0,0
baseline,spender,53,lost,246,10,0,0,0,0,3,0,0
baseline,spender,54,won,1492,19,2,7,6,1,6,1,0
baseline,spender,55,won,1619,15,0,2,0,2,4,0,0
baseline,spender,56,lost,1126,21,2,7,6,1,4,0,0
baseline,spender,57,won,1560,27,3,11,9,2,4,0,0
baseline,spender,58,won,1959,25,1,6,3,3,4,0,0
baseline,spender,59,lost,1065,20,1,3,3,0,5,0,0
baseline,spender,60,lost,245,10,0,2,0,2,2,0,0
baseline,spender,61,lost,1269,28,1,3,3,0,3,0,0
baseline,spender,62,won,1544,14,1,6,3,3,5,0,0
baseline,spender,63,won,1495,10,1,3,3,0,5,0,0
baseline,spender,64,lost,862,17,1,3,3,0,6,0,0
baseline,spender,65,lost,1138,19,0,2,0,2,3,0,0
baseline,spender,66,won,1505,21,1,3,3,0,4,0,0
baseline,spender,67,lost,1428,24,2,7,6,1,4,0,0
baseline,spender,68,won,1350,15,1,4,3,1,4,0,0
baseline,spender,69,lost,1407,20,1,3,3,0,4,0,0
baseline,spender,70,lost,1346,16,0,2,0,2,4,0,0
baseline,spender,71,won,1540,14,0,2,0,2,6,0,0
baseline,spender,72,lost,1136,21,1,5,3,2,2,1,0
baseline,spender,73,lost,254,10,0,2,0,2,2,0,0
baseline,spender,74,lost,1401,15,1,5,3,2,5,0,0
baseline,spender,75,won,1406,24,1,6,3,3,3,0,0
baseline,spender,76,lost,1391,22,1,5,3,2,4,1,0
baseline,spender,77,lost,1355,19,1,4,3,1,3,0,0
baseline,spender,78,lost,1294,20,1,3,3,0,3,0,0
baseline,spender,79,lost,1107,17,1,3,3,0,3,0,0
baseline,spender,80,lost,1296,25,2,6,6,0,3,0,0
baseline,spender,81,lost,670,17,1,3,3,0,3,0,0
baseline,spender,82,won,1759,21,2,9,6,3,4,1,0
baseline,spender,83,lost,1257,23,0,1,0,1,6,0,0
baseline,spender,84,lost,1463,29,1,4,3,1,3,0,0
baseline,spender,85,lost,684,18,0,2,0,2,3,0,0
baseline,spender,86,won,1838,22,1,3,3,0,7,0,0
baseline,spender,87,lost,1538,17,0,2,0,2,3,2,0
baseline,spender,88,lost,1205,24,0,2,0,2,3,0,0
baseline,spender,89,lost,617,13,0,1,0,1,4,0,0
baseline,spender,90,lost,662,15,0,2,0,2,3,0,0
baseline,spender,91,lost,252,10,0,2,0,2,2,0,0
baseline,spender,92,lost,879,14,0,2,0,2,3,0,0
baseline,spender,93,lost,1279,21,1,3,3,0,4,0,0
baseline,spender,94,lost,456,14,0,0,0,0,2,0,0
baseline,spender,95,won,2289,17,1,5,3,2,4,0,0
baseline,spender,96,won,1529,10,0,2,0,2,5,0,0
baseline,spender,97,won,1426,20,1,4,3,1,4,0,0
baseline,spender,98,lost,1495,20,2,8,6,2,4,1,0
baseline,spender,99,lost,638,15,1,4,3,1,3,0,0
baseline,spender,100,lost,686,16,0,2,0,2,3,0,0
no-specials,greedy,1,lost,231,10,0,0,0,0,2,0,0
no-specials,greedy,2,lost,519,19,0,0,0,0,2,1,0
no-specials,greedy,3,lost,256,10,0,0,0,0,2,0,0
no-specials,greedy,4,lost,512,17,0,0,0,0,4,0,0
no-specials,greedy,5,lost,208,10,0,0,0,0,2,0,0
no-specials,greedy,6,lost,174,10,0,0,0,0,2,0,0
no-specials,greedy,7,lost,638,18,0,0,0,0,3,0,0
no-specials,greedy,8,lost,147,10,0,0,0,0,2,1,0
no-specials,greedy,9,lost,246,10,0,0,0,0,2,0,0
no-specials,greedy,10,lost,258,10,0,0,0,0,2,0,0
no-specials,greedy,11,lost,173,10,0,0,0,0,2,0,0
no-specials,greedy,12,lost,218,10,0,0,0,0,1,0,0
no-specials,greedy,13,lost,238,10,0,0,0,0,3,0,0
no-specials,greedy,14,lost,144,10,0,0,0,0,1,0,0
no-specials,greedy,15,lost,186,10,0,0,0,0,3,1,0
no-specials,greedy,16,lost,464,17,0,0,0,0,2,0,0
no-specials,greedy,17,lost,183,10,0,0,0,0,2,0,0
no-specials,greedy,18,lost,501,17,0,0,0,0,2,0,0
no-specials,greedy,19,lost,545,18,0,0,0,0,3,0,0
no-specials,greedy,20,lost,654,17,0,0,0,0,4,0,0
no-specials,greedy,21,lost,406,15,0,0,0,0,3,1,0
no-specials,greedy,22,lost,230,10,0,0,0,0,3,0,0
no-specials,greedy,23,lost,482,18,0,0,0,0,3,1,0
no-specials,greedy,24,lost,223,10,0,0,0,0,2,0,0
no-specials,greedy,25,lost,228,10,0,0,0,0,2,0,0
no-specials,greedy,26,lost,213,10,0,0,0,0,2,1,0
no-specials,greedy,27,lost,656,17,0,0,0,0,4,0,0
no-specials,greedy,28,lost,228,10,0,0,0,0,3,0,0
no-specials,greedy,29,lost,150,10,0,0,0,0,2,0,0
no-specials,greedy,30,lost,908,29,0,0,0,0,3,2,0
no-specials,greedy,31,lost,1067,23,0,0,0,0,4,0,0
no-specials,greedy,32,lost,955,25,0,0,0,0,5,1,0
no-specials,greedy,33,lost,592,18,0,0,0,0,3,0,0
no-specials,greedy,34,lost,240,10,0,0,0,0,2,1,0
no-specials,greedy,35,lost,444,16,0,0,0,0,2,2,0
no-specials,greedy,36,lost,982,23,0,0,0,0,4,0,0
no-specials,greedy,37,lost,557,17,0,0,0,0,3,0,0
no-specials,greedy,38,lost,224,10,0,0,0,0,2,0,0
no-specials,greedy,39,lost,573,15,0,0,0,0,4,0,0
no-specials,greedy,40,lost,198,10,0,0,0,0,2,0,0
no-specials,greedy,41,lost,650,20,0,0,0,0,3,1,0
no-specials,greedy,42,lost,537,20,0,0,0,0,3,0,0
no-specials,greedy,43,lost,549,20,0,0,0,0,3,0,0
no-specials,greedy,44,lost,598,19,0,0,0,0,4,0,0
no-specials,greedy,45,lost,179,10,0,0,0,0,2,0,0
no-specials,greedy,46,lost,583,17,0,0,0,0,4,1,0
no-specials,greedy,47,lost,1065,26,0,0,0,0,4,0,0
no-specials,greedy,48,lost,555,18,0,0,0,0,3,2,0
no-specials,greedy,49,lost,488,18,0,0,0,0,3,0,0
no-specials,greedy,50,lost,631,20,0,0,0,0,2,0,0
no-specials,greedy,51,lost,538,20,0,0,0,0,2,0,0
no-specials,greedy,52,lost,468,20,0,0,0,0,3,0,0
no-specials,greedy,53,lost,207,10,0,0,0,0,2,0,0
no-specials,greedy,54,lost,153,10,0,0,0,0,2,0,0
no-specials,greedy,55,lost,219,10,0,0,0,0,3,0,0
no-specials,greedy,56,lost,180,10,0,0,0,0,2,0,0
no-specials,greedy,57,lost,189,10,0,0,0,0,2,0,0
no-specials,greedy,58,lost,240,10,0,0,0,0,3,0,0
no-specials,greedy,59,lost,229,10,0,0,0,0,2,0,0
no-specials,greedy,60,lost,255,10,0,0,0,0,3,1,0
no-specials,greedy,61,lost,515,19,0,0,0,0,3,0,0
no-specials,greedy,62,lost,222,10,0,0,0,0,2,0,0
no-specials,greedy,63,lost,1154,23,0,0,0,0,3,0,0
no-specials,greedy,64,lost,211,10,0,0,0,0,2,0,0
no-specials,greedy,65,lost,497,17,0,0,0,0,2,0,0
no-specials,greedy,66,lost,569,17,0,0,0,0,3,0,0
no-specials,greedy,67,lost,231,10,0,0,0,0,2,0,0
no-specials,greedy,68,lost,176,10,0,0,0,0,2,0,0
no-specials,greedy,69,lost,186,10,0,0,0,0,2,1,0
no-specials,greedy,70,lost,1024,13,0,0,0,0,6,0,0
no-specials,greedy,71,lost,216,10,0,0,0,0,2,0,0
no-specials,greedy,72,lost,165,10,0,0,0,0,2,0,0
no-specials,greedy,73,lost,477,15,0,0,0,0,4,0,0
no-specials,greedy,74,lost,607,17,0,0,0,0,2,0,0
no-specials,greedy,75,lost,563,17,0,0,0,0,3,0,0
no-specials,greedy,76,lost,249,10,0,0,0,0,2,0,0
no-specials,greedy,77,lost,597,14,0,0,0,0,3,1,0
no-specials,greedy,78,lost,150,10,0,0,0,0,1,1,0
no-specials,greedy,79,lost,942,29,0,0,0,0,5,0,0
no-specials,greedy,80,lost,206,10,0,0,0,0,2,0,0
no-specials,greedy,81,lost,258,10,0,0,0,0,3,0,0
no-specials,greedy,82,lost,711,17,0,0,0,0,4,1,0
no-specials,greedy,83,lost,668,19,0,0,0,0,3,1,0
no-specials,greedy,84,lost,934,28,0,0,0,0,4,0,0
no-specials,greedy,85,lost,251,10,0,0,0,0,3,0,0
no-specials,greedy,86,lost,248,10,0,0,0,0,3,0,0
no-specials,greedy,87,lost,963,23,0,0,0,0,4,0,0
no-specials,greedy,88,lost,248,10,0,0,0,0,3,0,0
no-specials,greedy,89,lost,462,14,0,0,0,0,4,0,0
no-specials,greedy,90,lost,564,19,0,0,0,0,2,0,0
no-specials,greedy,91,lost,167,10,0,0,0,0,2,0,0
no-specials,greedy,92,lost,581,18,0,0,0,0,3,0,0
no-specials,greedy,93,lost,201,10,0,0,0,0,2,1,0
no-specials,greedy,94,lost,221,10,0,0,0,0,2,0,0
no-specials,greedy,95,lost,228,10,0,0,0,0,3,0,0
no-specials,greedy,96,lost,1021,24,0,0,0,0,4,0,0
no-specials,greedy,97,lost,512,14,0,0,0,0,4,0,0
no-specials,greedy,98,lost,545,17,0,0,0,0,3,0,0
no-specials,greedy,99,lost,194,10,0,0,0,0,2,0,0
no-specials,greedy,100,lost,216,10,0,0,0,0,3,0,0
no-specials,spender,1,lost,231,10,0,0,0,0,2,0,0
no-specials,spender,2,lost,519,19,0,0,0,0,2,1,0
no-specials,spender,3,lost,256,10,0,0,0,0,2,0,0
no-specials,spender,4,lost,512,17,0,0,0,0,4,0,0
no-specials,spender,5,lost,208,10,0,0,0,0,2,0,0
no-specials,spender,6,lost,174,10,0,0,0,0,2,0,0
no-specials,spender,7,lost,638,18,0,0,0,0,3,0,0
no-specials,spender,8,lost,147,10,0,0,0,0,2,1,0
no-specials,spender,9,lost,246,10,0,0,0,0,2,0,0
no-specials,spender,10,lost,258,10,0,0,0,0,2,0,0
no-specials,spender,11,lost,173,10,0,0,0,0,2,0,0
no-specials,spender,12,lost,218,10,0,0,0,0,1,0,0
no-specials,spender,13,lost,238,10,0,0,0,0,3,0,0
no-specials,spender,14,lost,144,10,0,0,0,0,1,0,0
no-specials,spender,15,lost,186,10,0,0,0,0,3,1,0
no-specials,spender,16,lost,464,17,0,0,0,0,2,0,0
no-specials,spender,17,lost,183,10,0,0,0,0,2,0,0
no-specials,spender,18,lost,501,17,0,0,0,0,2,0,0
no-specials,spender,19,lost,545,18,0,0,0,0,3,0,0
no-specials,spender,20,lost,654,17,0,0,0,0,4,0,0
no-specials,spender,21,lost,406,15,0,0,0,0,3,1,0
no-specials,spender,22,lost,230,10,0,0,0,0,3,0,0
no-specials,spender,23,lost,482,18,0,0,0,0,3,1,0
no-specials,spender,24,lost,223,10,0,0,0,0,2,0,0
no-specials,spender,25,lost,228,10,0,0,0,0,2,0,0
no-specials,spender,26,lost,213,10,0,0,0,0,2,1,0
no-specials,spender,27,lost,656,17,0,0,0,0,4,0,0
no-specials,spender,28,lost,228,10,0,0,0,0,3,0,0
no-specials,spender,29,lost,150,10,0,0,0,0,2,0,0
no-specials,spender,30,lost,908,29,0,0,0,0,3,2,0
no-specials,spender,31,lost,1067,23,0,0,0,0,4,0,0
no-specials,spender,32,lost,955,25,0,0,0,0,5,1,0
no-specials,spender,33,lost,592,18,0,0,0,0,3,0,0
no-specials,spender,34,lost,240,10,0,0,0,0,2,1,0
no-specials,spender,35,lost,444,16,0,0,0,0,2,2,0
no-specials,spender,36,lost,982,23,0,0,0,0,4,0,0
no-specials,spender,37,lost,557,17,0,0,0,0,3,0,0
no-specials,spender,38,lost,224,10,0,0,0,0,2,0,0
no-specials,spender,39,lost,573,15,0,0,0,0,4,0,0
no-specials,spender,40,lost,198,10,0,0,0,0,2,0,0
no-specials,spender,41,lost,650,20,0,0,0,0,3,1,0
no-specials,spender,42,lost,537,20,0,0,0,0,3,0,0
no-specials,spender,43,lost,549,20,0,0,0,0,3,0,0
no-specials,spender,44,lost,598,19,0,0,0,0,4,0,0
no-specials,spender,45,lost,179,10,0,0,0,0,2,0,0
no-specials,spender,46,lost,583,17,0,0,0,0,4,1,0
no-specials,spender,47,lost,1065,26,0,0,0,0,4,0,0
no-specials,spender,48,lost,555,18,0,0,0,0,3,2,0
no-specials,spender,49,lost,488,18,0,0,0,0,3,0,0
no-specials,spender,50,lost,631,20,0,0,0,0,2,0,0
no-specials,spender,51,lost,538,20,0,0,0,0,2,0,0
no-specials,spender,52,lost,468,20,0,0,0,0,3,0,0
no-specials,spender,53,lost,207,10,0,0,0,0,2,0,0
no-specials,spender,54,lost,153,10,0,0,0,0,2,0,0
no-specials,spender,55,lost,219,10,0,0,0,0,3,0,0
no-specials,spender,56,lost,180,10,0,0,0,0,2,0,0
no-specials,spender,57,lost,189,10,0,0,0,0,2,0,0
no-specials,spender,58,lost,240,10,0,0,0,0,3,0,0
no-specials,spender,59,lost,229,10,0,0,0,0,2,0,0
no-specials,spender,60,lost,255,10,0,0,0,0,3,1,0
no-specials,spender,61,lost,515,19,0,0,0,0,3,0,0
no-specials,spender,62,lost,222,10,0,0,0,0,2,0,0
no-specials,spender,63,lost,1154,23,0,0,0,0,3,0,0
no-specials,spender,64,lost,211,10,0,0,0,0,2,0,0
no-specials,spender,65,lost,497,17,0,0,0,0,2,0,0
no-specials,spender,66,lost,569,17,0,0,0,0,3,0,0
no-specials,spender,67,lost,231,10,0,0,0,0,2,0,0
no-specials,spender,68,lost,176,10,0,0,0,0,2,0,0
no-specials,spender,69,lost,186,10,0,0,0,0,2,1,0
no-specials,spender,70,lost,1024,13,0,0,0,0,6,0,0
no-specials,spender,71,lost,216,10,0,0,0,0,2,0,0
no-specials,spender,72,lost,165,10,0,0,0,0,2,0,0
no-specials,spender,73,lost,477,15,0,0,0,0,4,0,0
no-specials,spender,74,lost,607,17,0,0,0,0,2,0,0
no-specials,spender,75,lost,563,17,0,0,0,0,3,0,0
no-specials,spender,76,lost,249,10,0,0,0,0,2,0,0
no-specials,spender,77,lost,597,14,0,0,0,0,3,1,0
no-specials,spender,78,lost,150,10,0,0,0,0,1,1,0
no-specials,spender,79,lost,942,29,0,0,0,0,5,0,0
no-specials,spender,80,lost,206,10,0,0,0,0,2,0,0
no-specials,spender,81,lost,258,10,0,0,0,0,3,0,0
no-specials,spender,82,lost,711,17,0,0,0,0,4,1,0
no-specials,spender,83,lost,668,19,0,0,0,0,3,1,0
no-specials,spender,84,lost,934,28,0,0,0,0,4,0,0
no-specials,spender,85,lost,251,10,0,0,0,0,3,0,0
no-specials,spender,86,lost,248,10,0,0,0,0,3,0,0
no-specials,spender,87,lost,963,23,0,0,0,0,4,0,0
no-specials,spender,88,lost,248,10,0,0,0,0,3,0,0
no-specials,spender,89,lost,462,14,0,0,0,0,4,0,0
no-specials,spender,90,lost,564,19,0,0,0,0,2,0,0
no-specials,spender,91,lost,167,10,0,0,0,0,2,0,0
no-specials,spender,92,lost,581,18,0,0,0,0,3,0,0
no-specials,spender,93,lost,201,10,0,0,0,0,2,1,0
no-specials,spender,94,lost,221,10,0,0,0,0,2,0,0
no-specials,spender,95,lost,228,10,0,0,0,0,3,0,0
no-specials,spender,96,lost,1021,24,0,0,0,0,4,0,0
no-specials,spender,97,lost,512,14,0,0,0,0,4,0,0
no-specials,spender,98,lost,545,17,0,0,0,0,3,0,0
no-specials,spender,99,lost,194,10,0,0,0,0,2,0,0
no-specials,spender,100,lost,216,10,0,0,0,0,3,0,0
double-specials,greedy,1,won,1683,10,0,7,0,7,5,0,0
double-specials,greedy,2,won,1926,12,0,13,0,13,5,0,0
double-specials,greedy,3,won,1415,11,0,10,0,10,3,0,0
double-specials,greedy,4,won,2543,13,0,9,0,9,6,0,0
double-specials,greedy,5,lost,1879,13,0,7,0,7,4,0,0
double-specials,greedy,6,won,1479,11,0,9,0,9,4,0,0
double-specials,greedy,7,won,1730,8,0,13,0,13,4,0,0
double-specials,greedy,8,lost,2954,14,0,11,0,11,7,0,0
double-specials,greedy,9,won,1655,10,0,16,0,16,5,0,0
double-specials,greedy,10,won,1975,16,0,15,0,15,6,0,0
double-specials,greedy,11,won,3170,11,0,17,0,17,8,0,0
double-specials,greedy,12,won,1712,11,0,11,0,11,5,0,0
double-specials,greedy,13,won,1741,13,0,10,0,10,5,0,0
double-specials,greedy,14,won,1574,9,0,9,0,9,4,0,0
double-specials,greedy,15,won,5106,14,0,10,0,10,9,0,0
double-specials,greedy,16,won,1359,9,0,7,0,7,3,1,0
double-specials,greedy,17,won,1580,11,0,8,0,8,4,0,0
double-specials,greedy,18,won,1702,10,0,9,0,9,5,0,0
double-specials,greedy,19,won,2043,9,0,10,0,10,5,0,0
double-specials,greedy,20,won,2126,5,0,7,0,7,6,0,0
double-specials,greedy,21,won,2664,10,0,13,0,13,9,0,0
double-specials,greedy,22,won,1535,16,0,10,0,10,4,0,0
double-specials,greedy,23,won,2025,15,0,18,0,18,5,0,0
double-specials,greedy,24,won,1640,8,0,7,0,7,4,0,0
double-specials,greedy,25,won,1579,9,0,6,0,6,6,0,0
double-specials,greedy,26,won,1689,13,0,10,0,10,4,0,0
double-specials,greedy,27,won,2154,14,0,13,0,13,6,0,0
double-specials,greedy,28,won,1561,10,0,5,0,5,4,0,0
double-specials,greedy,29,won,1755,11,0,14,0,14,5,1,0
double-specials,greedy,30,won,1935,9,0,11,0,11,3,0,0
double-specials,greedy,31,lost,1716,17,0,10,0,10,4,0,0
double-specials,greedy,32,won,2888,14,0,22,0,22,7,0,0
double-specials,greedy,33,won,1406,15,0,13,0,13,2,0,0
double-specials,greedy,34,won,1534,13,0,11,0,11,3,0,0
double-specials,greedy,35,won,1634,4,0,4,0,4,4,0,0
double-specials,greedy,36,won,2358,9,0,13,0,13,7,0,0
double-specials,greedy,37,won,1673,9,0,8,0,8,6,0,0
double-specials,greedy,38,won,1713,11,0,7,0,7,4,0,0
double-specials,greedy,39,lost,1139,14,0,13,0,13,4,0,0
double-specials,greedy,40,won,2091,14,0,12,0,12,4,0,0
double-specials,greedy,41,won,1662,21,0,14,0,14,4,0,0
double-specials,greedy,42,won,1597,14,0,10,0,10,4,0,0
double-specials,greedy,43,won,1537,17,0,17,0,17,4,0,0
double-specials,greedy,44,won,1462,11,0,13,0,13,4,0,0
double-specials,greedy,45,won,1612,13,0,10,0,10,3,0,0
double-specials,greedy,46,won,2022,19,0,11,0,11,4,1,0
double-specials,greedy,47,won,2027,7,0,12,0,12,4,0,0
double-specials,greedy,48,won,2013,13,0,9,0,9,5,0,0
double-specials,greedy,49,won,1639,19,0,9,0,9,5,0,0
double-specials,greedy,50,won,1880,17,0,17,0,17,4,0,0
double-specials,greedy,51,won,1810,11,0,11,0,11,5,0,0
double-specials,greedy,52,won,1424,16,0,11,0,11,3,0,0
double-specials,greedy,53,won,1660,12,0,10,0,10,5,0,0
double-specials,greedy,54,won,1931,11,0,13,0,13,4,0,0
double-specials,greedy,55,won,1346,11,0,6,0,6,3,0,0
double-specials,greedy,56,won,1495,11,0,6,0,6,4,0,0
double-specials,greedy,57,won,3357,8,0,12,0,12,10,0,0
double-specials,greedy,58,won,1914,11,0,13,0,13,5,0,0
double-specials,greedy,59,won,1947,17,0,10,0,10,5,0,0
double-specials,greedy,60,won,1411,13,0,11,0,11,5,1,0
double-specials,greedy,61,won,1405,12,0,7,0,7,5,0,0
double-specials,greedy,62,won,1779,10,0,10,0,10,4,0,0
double-specials,greedy,63,won,1470,9,0,12,0,12,4,0,0
double-specials,greedy,64,won,2487,10,0,11,0,11,6,0,0
double-specials,greedy,65,lost,2690,14,0,14,0,14,8,0,0
double-specials,greedy,66,won,1567,18,0,6,0,6,4,0,0
double-specials,greedy,67,won,2052,15,0,16,0,16,5,0,0
double-specials,greedy,68,won,1722,9,0,15,0,15,5,0,0
double-specials,greedy,69,won,2147,11,0,15,0,15,4,0,0
double-specials,greedy,70,won,3107,16,0,9,0,9,6,0,0
double-specials,greedy,71,won,2414,21,0,14,0,14,6,0,0
double-specials,greedy,72,won,1509,21,0,17,0,17,3,0,0
double-specials,greedy,73,lost,1310,16,0,11,0,11,4,0,0
double-specials,greedy,74,won,1710,6,0,4,0,4,4,0,0
double-specials,greedy,75,won,1399,20,0,10,0,10,3,0,0
double-specials,greedy,76,won,1395,13,0,9,0,9,3,0,0
double-specials,greedy,77,won,1549,13,0,6,0,6,5,0,0
double-specials,greedy,78,won,1751,18,0,14,0,14,4,0,0
double-specials,greedy,79,won,1362,12,0,8,0,8,5,0,0
double-specials,greedy,80,won,1627,17,0,9,0,9,3,0,0
double-specials,greedy,81,lost,1554,16,0,14,0,14,3,0,0
double-specials,greedy,82,won,1435,11,0,5,0,5,4,0,0
double-specials,greedy,83,won,1799,14,0,17,0,17,4,0,0
double-specials,greedy,84,won,1580,13,0,11,0,11,4,1,0
double-specials,greedy,85,won,1964,10,0,6,0,6,5,0,0
double-specials,greedy,86,lost,1514,16,0,10,0,10,4,0,0
double-specials,greedy,87,won,2344,13,0,6,0,6,7,0,0
double-specials,greedy,88,won,2209,17,0,17,0,17,5,0,0
double-specials,greedy,89,won,3389,13,0,18,0,18,8,0,0
double-specials,greedy,90,lost,1313,20,0,4,0,4,3,0,0
double-specials,greedy,91,lost,1449,18,0,8,0,8,4,0,0
double-specials,greedy,92,lost,764,13,0,4,0,4,4,0,0
double-specials,greedy,93,won,2176,14,0,13,0,13,3,0,0
double-specials,greedy,94,won,1765,14,0,8,0,8,5,0,0
double-specials,greedy,95,won,2819,8,0,8,0,8,5,0,0
double-specials,greedy,96,won,5399,7,0,17,0,17,10,0,0
double-specials,greedy,97,won,1605,11,0,11,0,11,5,0,0
double-specials,greedy,98,won,1573,15,0,8,0,8,3,0,0
double-specials,greedy,99,won,3419,8,0,11,0,11,9,1,0
double-specials,greedy,100,lost,2158,16,0,12,0,12,6,0,0
double-specials,spender,1,won,1594,11,2,6,6,0,5,1,0
double-specials,spender,2,lost,1373,20,5,15,15,0,3,0,0
double-specials,spender,3,won,1321,10,3,11,9,2,4,0,0
double-specials,spender,4,won,2208,13,2,8,6,2,6,0,0
double-specials,spender,5,won,2722,9,4,13,12,1,6,0,0
double-specials,spender,6,won,1455,9,2,9,6,3,4,0,0
double-specials,spender,7,won,1401,6,3,11,9,2,4,0,0
double-specials,spender,8,won,2874,11,5,19,15,4,7,0,0
double-specials,spender,9,won,2387,17,4,20,12,8,6,0,0
double-specials,spender,10,won,2344,12,3,13,9,4,6,0,0
double-specials,spender,11,won,3094,5,3,9,9,0,8,0,0
double-specials,spender,12,won,1389,11,2,7,6,1,4,0,0
double-specials,spender,13,won,1498,11,2,8,6,2,5,1,0
double-specials,spender,14,won,1574,10,3,10,9,1,5,0,0
double-specials,spender,15,won,5435,13,3,13,9,4,9,0,0
double-specials,spender,16,won,1491,9,2,10,6,4,6,0,0
double-specials,spender,17,won,1665,17,3,13,9,4,4,0,0
double-specials,spender,18,won,2397,11,2,8,6,2,7,0,0
double-specials,spender,19,won,2270,18,5,17,15,2,5,0,0
double-specials,spender,20,won,2170,10,3,10,9,1,5,0,0
double-specials,spender,21,won,1679,12,5,16,15,1,4,0,0
double-specials,spender,22,won,1862,14,4,12,12,0,4,0,0
double-specials,spender,23,won,1661,15,6,22,18,4,4,0,0
double-specials,spender,24,won,1888,14,4,16,12,4,3,0,0
double-specials,spender,25,lost,2149,18,4,12,12,0,8,0,0
double-specials,spender,26,won,1746,11,2,6,6,0,4,0,0
double-specials,spender,27,won,2540,10,2,7,6,1,7,1,0
double-specials,spender,28,lost,648,15,1,4,3,1,4,0,0
double-specials,spender,29,won,1951,12,2,11,6,5,5,0,0
double-specials,spender,30,won,2031,9,4,15,12,3,6,0,0
double-specials,spender,31,won,1445,24,2,7,6,1,4,0,0
double-specials,spender,32,won,2032,9,3,14,9,5,5,0,0
double-specials,spender,33,won,1795,13,3,14,9,5,4,0,0
double-specials,spender,34,won,2368,8,2,12,6,6,8,0,0
double-specials,spender,35,won,1435,5,1,6,3,3,3,0,0
double-specials,spender,36,won,2087,9,6,21,18,3,4,0,0
double-specials,spender,37,won,1727,12,2,8,6,2,6,0,0
double-specials,spender,38,won,1533,18,1,9,3,6,4,0,0
double-specials,spender,39,won,1905,13,4,18,12,6,5,0,0
double-specials,spender,40,won,1488,14,5,21,15,6,6,0,0
double-specials,spender,41,lost,1243,20,3,11,9,2,3,0,0
double-specials,spender,42,won,1523,11,3,11,9,2,4,0,0
double-specials,spender,43,won,2084,13,2,12,6,6,4,0,0
double-specials,spender,44,won,1372,9,2,6,6,0,4,0,0
double-specials,spender,45,won,1684,15,3,10,9,1,3,0,0
double-specials,spender,46,won,1926,18,2,11,6,5,5,1,0
double-specials,spender,47,lost,1591,14,3,11,9,2,4,0,0
double-specials,spender,48,won,1691,15,4,13,12,1,4,0,0
double-specials,spender,49,won,2043,13,2,10,6,4,5,0,0
double-specials,spender,50,lost,1058,17,4,13,12,1,4,0,0
double-specials,spender,51,won,2227,9,4,17,12,5,5,0,0
double-specials,spender,52,won,2045,12,1,10,3,7,5,0,0
double-specials,spender,53,won,1435,10,2,9,6,3,3,0,0
double-specials,spender,54,won,1627,17,3,10,9,1,4,0,0
double-specials,spender,55,won,1426,15,2,6,6,0,3,0,0
double-specials,spender,56,won,1485,15,1,5,3,2,3,0,0
double-specials,spender,57,won,1616,16,3,12,9,3,3,0,0
double-specials,spender,58,won,2711,6,2,13,6,7,7,0,0
double-specials,spender,59,won,1816,12,3,11,9,2,5,0,0
double-specials,spender,60,lost,2630,16,5,16,15,1,6,0,0
double-specials,spender,61,won,2240,13,3,12,9,3,6,0,0
double-specials,spender,62,won,1990,14,3,15,9,6,6,0,0
double-specials,spender,63,won,1452,19,2,10,6,4,4,0,0
double-specials,spender,64,won,1811,9,4,15,12,3,4,0,0
double-specials,spender,65,won,2175,6,4,14,12,2,4,0,0
double-specials,spender,66,won,1737,14,4,15,12,3,3,0,0
double-specials,spender,67,won,2241,8,1,6,3,3,5,0,0
double-specials,spender,68,won,1827,6,3,12,9,3,5,0,0
double-specials,spender,69,won,1947,10,4,14,12,2,3,0,0
double-specials,spender,70,won,2236,23,3,14,9,5,6,0,0
double-specials,spender,71,won,1437,15,2,7,6,1,3,0,0
double-specials,spender,72,won,1581,13,3,13,9,4,4,0,0
double-specials,spender,73,won,2403,14,4,14,12,2,5,0,0
double-specials,spender,74,won,1873,10,1,6,3,3,4,0,0
double-specials,spender,75,won,1478,14,3,11,9,2,4,0,0
double-specials,spender,76,won,1526,8,5,16,15,1,4,0,0
double-specials,spender,77,won,1745,9,2,8,6,2,5,1,0
double-specials,spender,78,won,1558,17,1,12,3,9,4,0,0
double-specials,spender,79,won,2121,11,2,8,6,2,5,0,0
double-specials,spender,80,won,1521,17,1,5,3,2,3,0,0
double-specials,spender,81,won,1787,8,2,15,6,9,4,0,0
double-specials,spender,82,won,1563,7,2,10,6,4,4,0,0
double-specials,spender,83,won,2030,10,4,13,12,1,6,0,0
double-specials,spender,84,won,1355,14,3,11,9,2,4,0,0
double-specials,spender,85,lost,1690,13,2,7,6,1,5,0,0
double-specials,spender,86,won,1982,7,4,13,12,1,4,0,0
double-specials,spender,87,won,1792,11,1,8,3,5,5,0,0
double-specials,spender,88,won,1457,11,4,12,12,0,3,0,0
double-specials,spender,89,won,2191,14,3,15,9,6,5,0,0
double-specials,spender,90,won,2331,17,1,8,3,5,6,0,0
double-specials,spender,91,won,2089,15,3,13,9,4,4,0,0
double-specials,spender,92,won,1503,15,2,8,6,2,3,0,0
double-specials,spender,93,won,1684,14,2,7,6,1,5,0,0
double-specials,spender,94,won,1825,15,2,8,6,2,4,0,0
double-specials,spender,95,won,2344,10,1,5,3,2,5,0,0
double-specials,spender,96,won,1562,8,1,4,3,1,5,0,0
double-specials,spender,97,won,2733,14,3,12,9,3,6,0,0
double-specials,spender,98,won,1798,8,1,6,3,3,4,0,0
double-specials,spender,99,won,3401,14,2,8,6,2,9,2,0
double-specials,spender,100,won,1725,13,6,19,18,1,5,0,0
no-low-bonus,greedy,1,lost,1246,24,0,2,0,2,3,0,0
no-low-bonus,greedy,2,lost,1413,22,0,3,0,3,4,1,0
no-low-bonus,greedy,3,lost,1241,19,0,2,0,2,4,0,0
no-low-bonus,greedy,4,lost,636,17,0,2,0,2,3,0,0
no-low-bonus,greedy,5,won,1507,25,0,2,0,2,5,0,0
no-low-bonus,greedy,6,lost,1335,26,0,6,0,6,3,0,0
no-low-bonus,greedy,7,won,1372,21,0,2,0,2,5,0,0
no-low-bonus,greedy,8,lost,1261,25,0,5,0,5,5,1,0
no-low-bonus,greedy,9,lost,644,16,0,2,0,2,3,0,0
no-low-bonus,greedy,10,lost,1200,21,0,2,0,2,3,0,0
no-low-bonus,greedy,11,lost,802,16,0,6,0,6,4,0,0
no-low-bonus,greedy,12,lost,664,18,0,4,0,4,3,1,0
no-low-bonus,greedy,13,lost,784,13,0,8,0,8,4,0,0
no-low-bonus,greedy,14,lost,520,17,0,4,0,4,3,0,0
no-low-bonus,greedy,15,won,1394,23,0,4,0,4,4,0,0
no-low-bonus,greedy,16,won,1446,17,0,4,0,4,3,0,0
no-low-bonus,greedy,17,won,1440,20,0,6,0,6,3,0,0
no-low-bonus,greedy,18,won,1624,20,0,4,0,4,4,0,0
no-low-bonus,greedy,19,lost,1283,16,0,2,0,2,7,0,0
no-low-bonus,greedy,20,won,1353,19,0,5,0,5,4,0,0
no-low-bonus,greedy,21,lost,744,13,0,1,0,1,3,0,0
no-low-bonus,greedy,22,lost,177,10,0,0,0,0,3,0,0
no-low-bonus,greedy,23,lost,1024,20,0,0,0,0,4,0,0
no-low-bonus,greedy,24,lost,1518,17,0,5,0,5,4,1,0
no-low-bonus,greedy,25,lost,751,19,0,4,0,4,3,0,0
no-low-bonus,greedy,26,lost,1350,14,0,5,0,5,5,0,0
no-low-bonus,greedy,27,won,1613,20,0,4,0,4,5,0,0
no-low-bonus,greedy,28,won,1353,19,0,3,0,3,4,0,0
no-low-bonus,greedy,29,lost,563,16,0,5,0,5,3,1,0
no-low-bonus,greedy,30,lost,1103,22,0,3,0,3,4,1,0
no-low-bonus,greedy,31,lost,1333,23,0,3,0,3,4,0,0
no-low-bonus,greedy,32,lost,698,16,0,1,0,1,4,0,0
no-low-bonus,greedy,33,won,1807,22,0,7,0,7,4,0,0
no-low-bonus,greedy,34,won,1416,20,0,4,0,4,4,0,0
no-low-bonus,greedy,35,lost,1409,19,0,3,0,3,4,0,0
no-low-bonus,greedy,36,won,1553,14,0,7,0,7,5,0,0
no-low-bonus,greedy,37,won,1456,21,0,6,0,6,5,1,0
no-low-bonus,greedy,38,lost,1263,18,0,4,0,4,4,1,0
no-low-bonus,greedy,39,lost,536,18,0,4,0,4,3,0,0
no-low-bonus,greedy,40,won,1852,19,0,4,0,4,5,0,0
no-low-bonus,greedy,41,lost,1358,14,0,5,0,5,5,0,0
no-low-bonus,greedy,42,lost,1183,24,0,7,0,7,3,0,0
no-low-bonus,greedy,43,lost,978,23,0,4,0,4,4,0,0
no-low-bonus,greedy,44,won,1763,19,0,5,0,5,4,0,0
no-low-bonus,greedy,45,lost,1985,23,0,12,0,12,7,2,0
no-low-bonus,greedy,46,lost,1068,20,0,7,0,7,4,0,0
no-low-bonus,greedy,47,lost,1026,16,0,5,0,5,4,0,0
no-low-bonus,greedy,48,lost,1234,14,0,2,0,2,8,0,0
no-low-bonus,greedy,49,lost,235,10,0,0,0,0,1,0,0
no-low-bonus,greedy,50,won,1600,16,0,4,0,4,6,0,0
no-low-bonus,greedy,51,won,1604,20,0,10,0,10,4,0,0
no-low-bonus,greedy,52,lost,611,15,0,3,0,3,3,0,0
no-low-bonus,greedy,53,lost,253,10,0,0,0,0,3,0,0
no-low-bonus,greedy,54,lost,210,10,0,0,0,0,2,0,0
no-low-bonus,greedy,55,lost,657,13,0,1,0,1,3,0,0
no-low-bonus,greedy,56,lost,251,10,0,1,0,1,2,0,0
no-low-bonus,greedy,57,lost,1357,23,0,9,0,9,4,0,0
no-low-bonus,greedy,58,lost,1123,16,0,1,0,1,4,0,0
no-low-bonus,greedy,59,lost,618,17,0,3,0,3,3,0,0
no-low-bonus,greedy,60,lost,209,10,0,2,0,2,2,0,0
no-low-bonus,greedy,61,lost,630,20,0,1,0,1,3,0,0
no-low-bonus,greedy,62,won,1380,19,0,5,0,5,5,0,0
no-low-bonus,greedy,63,won,1425,11,0,4,0,4,4,0,0
no-low-bonus,greedy,64,won,1630,20,0,7,0,7,4,0,0
no-low-bonus,greedy,65,lost,1131,26,0,3,0,3,3,0,0
no-low-bonus,greedy,66,lost,244,10,0,0,0,0,2,0,0
no-low-bonus,greedy,67,won,1959,22,0,8,0,8,6,0,0
no-low-bonus,greedy,68,lost,647,16,0,1,0,1,3,0,0
no-low-bonus,greedy,69,won,1693,12,0,5,0,5,5,0,0
no-low-bonus,greedy,70,lost,1273,17,0,3,0,3,4,0,0
no-low-bonus,greedy,71,won,1477,14,0,2,0,2,6,0,0
no-low-bonus,greedy,72,lost,1554,24,0,8,0,8,4,0,0
no-low-bonus,greedy,73,lost,239,10,0,2,0,2,2,0,0
no-low-bonus,greedy,74,won,1310,19,0,5,0,5,4,0,0
no-low-bonus,greedy,75,won,1801,19,0,7,0,7,5,1,0
no-low-bonus,greedy,76,won,1387,24,0,5,0,5,4,1,0
no-low-bonus,greedy,77,lost,1283,16,0,3,0,3,4,0,0
no-low-bonus,greedy,78,lost,1302,20,0,3,0,3,3,0,0
no-low-bonus,greedy,79,won,1347,17,0,7,0,7,3,0,0
no-low-bonus,greedy,80,lost,937,25,0,6,0,6,2,0,0
no-low-bonus,greedy,81,lost,681,17,0,8,0,8,3,0,0
no-low-bonus,greedy,82,lost,1008,27,0,8,0,8,4,1,0
no-low-bonus,greedy,83,lost,648,20,0,2,0,2,3,0,0
no-low-bonus,greedy,84,lost,1508,29,0,4,0,4,4,0,0
no-low-bonus,greedy,85,lost,660,17,0,3,0,3,3,0,0
no-low-bonus,greedy,86,lost,992,18,0,2,0,2,4,0,0
no-low-bonus,greedy,87,lost,1514,17,0,2,0,2,3,2,0
no-low-bonus,greedy,88,lost,1273,19,0,3,0,3,4,0,0
no-low-bonus,greedy,89,lost,573,13,0,1,0,1,4,0,0
no-low-bonus,greedy,90,lost,1219,21,0,1,0,1,4,0,0
no-low-bonus,greedy,91,lost,1083,26,0,4,0,4,4,0,0
no-low-bonus,greedy,92,lost,797,14,0,1,0,1,3,0,0
no-low-bonus,greedy,93,won,1864,14,0,4,0,4,6,0,0
no-low-bonus,greedy,94,lost,934,15,0,2,0,2,4,0,0
no-low-bonus,greedy,95,lost,1587,17,0,3,0,3,4,0,0
no-low-bonus,greedy,96,won,1595,11,0,2,0,2,5,0,0
no-low-bonus,greedy,97,lost,1353,26,0,10,0,10,3,0,0
no-low-bonus,greedy,98,lost,1092,20,0,7,0,7,3,1,0
no-low-bonus,greedy,99,lost,659,16,0,4,0,4,4,0,0
no-low-bonus,greedy,100,lost,608,16,0,2,0,2,3,0,0
no-low-bonus,spender,1,lost,1246,24,0,2,0,2,3,0,0
no-low-bonus,spender,2,lost,1363,22,1,3,3,0,4,1,0
no-low-bonus,spender,3,lost,1241,19,0,2,0,2,4,0,0
no-low-bonus,spender,4,lost,636,17,0,2,0,2,3,0,0
no-low-bonus,spender,5,won,1507,25,0,2,0,2,5,0,0
no-low-bonus,spender,6,lost,1119,27,2,6,6,0,3,0,0
no-low-bonus,spender,7,won,1372,21,0,2,0,2,5,0,0
no-low-bonus,spender,8,won,1775,20,2,8,6,2,5,0,0
no-low-bonus,spender,9,lost,644,16,0,2,0,2,3,0,0
no-low-bonus,spender,10,lost,1200,21,0,2,0,2,3,0,0
no-low-bonus,spender,11,lost,1298,20,1,6,3,3,4,0,0
no-low-bonus,spender,12,lost,1173,26,1,4,3,1,3,0,0
no-low-bonus,spender,13,lost,868,13,1,3,3,0,4,0,0
no-low-bonus,spender,14,lost,1319,17,2,7,6,1,4,1,0
no-low-bonus,spender,15,won,1785,19,1,3,3,0,6,0,0
no-low-bonus,spender,16,won,1446,17,0,4,0,4,3,0,0
no-low-bonus,spender,17,won,1438,21,2,7,6,1,3,0,0
no-low-bonus,spender,18,lost,1338,20,1,6,3,3,4,0,0
no-low-bonus,spender,19,lost,1283,16,0,2,0,2,7,0,0
no-low-bonus,spender,20,lost,1164,22,1,5,3,2,2,0,0
no-low-bonus,spender,21,lost,744,13,0,1,0,1,3,0,0
no-low-bonus,spender,22,lost,177,10,0,0,0,0,3,0,0
no-low-bonus,spender,23,lost,1024,20,0,0,0,0,4,0,0
no-low-bonus,spender,24,won,1654,17,1,3,3,0,4,1,0
no-low-bonus,spender,25,lost,1160,27,1,4,3,1,4,0,0
no-low-bonus,spender,26,won,1344,11,1,3,3,0,3,0,0
no-low-bonus,spender,27,won,1608,24,1,5,3,2,4,0,0
no-low-bonus,spender,28,lost,1200,21,1,3,3,0,3,0,0
no-low-bonus,spender,29,lost,561,16,1,4,3,1,3,1,0
no-low-bonus,spender,30,won,1777,22,1,4,3,1,6,1,0
no-low-bonus,spender,31,lost,1158,23,1,3,3,0,4,0,0
no-low-bonus,spender,32,lost,698,16,0,1,0,1,4,0,0
no-low-bonus,spender,33,won,1669,20,2,6,6,0,4,0,0
no-low-bonus,spender,34,won,1465,19,1,4,3,1,4,0,0
no-low-bonus,spender,35,lost,1513,19,1,4,3,1,4,0,0
no-low-bonus,spender,36,won,1592,13,1,5,3,2,5,0,0
no-low-bonus,spender,37,lost,1421,28,1,5,3,2,3,1,0
no-low-bonus,spender,38,won,1505,16,1,5,3,2,4,0,0
no-low-bonus,spender,39,won,1395,25,2,6,6,0,3,0,0
no-low-bonus,spender,40,won,1450,18,1,3,3,0,5,1,0
no-low-bonus,spender,41,lost,1392,14,1,5,3,2,5,0,0
no-low-bonus,spender,42,won,1386,28,1,5,3,2,4,0,0
no-low-bonus,spender,43,lost,1188,23,1,5,3,2,4,0,0
no-low-bonus,spender,44,lost,1207,20,1,4,3,1,4,0,0
no-low-bonus,spender,45,lost,653,19,1,4,3,1,4,1,0
no-low-bonus,spender,46,won,1395,13,1,5,3,2,5,0,0
no-low-bonus,spender,47,lost,1180,16,1,5,3,2,4,0,0
no-low-bonus,spender,48,lost,1234,14,0,2,0,2,8,0,0
no-low-bonus,spender,49,lost,235,10,0,0,0,0,1,0,0
no-low-bonus,spender,50,lost,1231,17,1,3,3,0,3,0,0
no-low-bonus,spender,51,won,1993,14,1,6,3,3,8,0,0
no-low-bonus,spender,52,lost,558,15,1,5,3,2,3,0,0
no-low-bonus,spender,53,lost,253,10,0,0,0,0,3,0,0
no-low-bonus,spender,54,lost,210,10,0,0,0,0,2,0,0
no-low-bonus,spender,55,lost,657,13,0,1,0,1,3,0,0
no-low-bonus,spender,56,lost,251,10,0,1,0,1,2,0,0
no-low-bonus,spender,57,won,1504,22,3,9,9,0,4,0,0
no-low-bonus,spender,58,lost,1123,16,0,1,0,1,4,0,0
no-low-bonus,spender,59,lost,616,17,1,3,3,0,3,0,0
no-low-bonus,spender,60,lost,209,10,0,2,0,2,2,0,0
no-low-bonus,spender,61,lost,630,20,0,1,0,1,3,0,0
no-low-bonus,spender,62,won,1349,19,1,5,3,2,4,0,0
no-low-bonus,spender,63,won,1453,10,1,3,3,0,5,0,0
no-low-bonus,spender,64,lost,749,17,1,3,3,0,3,0,0
no-low-bonus,spender,65,lost,1146,26,1,3,3,0,3,0,0
no-low-bonus,spender,66,lost,244,10,0,0,0,0,2,0,0
no-low-bonus,spender,67,lost,1369,24,2,7,6,1,4,0,0
no-low-bonus,spender,68,lost,647,16,0,1,0,1,3,0,0
no-low-bonus,spender,69,lost,1357,20,1,3,3,0,4,0,0
no-low-bonus,spender,70,lost,1035,17,1,5,3,2,3,0,0
no-low-bonus,spender,71,won,1477,14,0,2,0,2,6,0,0
no-low-bonus,spender,72,won,1623,20,2,9,6,3,4,0,0
no-low-bonus,spender,73,lost,239,10,0,2,0,2,2,0,0
no-low-bonus,spender,74,lost,1746,21,1,4,3,1,4,0,0
no-low-bonus,spender,75,won,1881,21,2,8,6,2,6,0,0
no-low-bonus,spender,76,lost,1286,22,2,6,6,0,4,0,0
no-low-bonus,spender,77,won,1460,15,1,3,3,0,4,0,0
no-low-bonus,spender,78,lost,1200,20,1,4,3,1,3,0,0
no-low-bonus,spender,79,won,1686,17,1,3,3,0,8,0,0
no-low-bonus,spender,80,lost,914,24,1,4,3,1,2,0,0
no-low-bonus,spender,81,lost,635,17,1,3,3,0,3,0,0
no-low-bonus,spender,82,won,1665,21,2,9,6,3,4,1,0
no-low-bonus,spender,83,lost,648,20,0,2,0,2,3,0,0
no-low-bonus,spender,84,won,1833,29,1,3,3,0,5,0,0
no-low-bonus,spender,85,lost,559,17,1,3,3,0,3,0,0
no-low-bonus,spender,86,lost,992,18,0,2,0,2,4,0,0
no-low-bonus,spender,87,lost,1514,17,0,2,0,2,3,2,0
no-low-bonus,spender,88,won,1576,18,1,5,3,2,4,0,0
no-low-bonus,spender,89,lost,573,13,0,1,0,1,4,0,0
no-low-bonus,spender,90,lost,1219,21,0,1,0,1,4,0,0
no-low-bonus,spender,91,lost,578,20,1,4,3,1,2,0,0
no-low-bonus,spender,92,lost,797,14,0,1,0,1,3,0,0
no-low-bonus,spender,93,won,1453,19,2,6,6,0,4,0,0
no-low-bonus,spender,94,lost,934,15,0,2,0,2,4,0,0
no-low-bonus,spender,95,won,2002,14,1,5,3,2,5,0,0
no-low-bonus,spender,96,won,1595,11,0,2,0,2,5,0,0
no-low-bonus,spender,97,lost,1270,26,2,6,6,0,5,0,0
no-low-bonus,spender,98,lost,1245,20,2,8,6,2,3,0,0
no-low-bonus,spender,99,won,1490,21,1,7,3,4,7,0,0
no-low-bonus,spender,100,lost,608,16,0,2,0,2,3,0,0
no-cascade-bonus,greedy,1,lost,784,15,0,2,0,2,3,0,0
no-cascade-bonus,greedy,2,lost,632,14,0,2,0,2,3,0,0
no-cascade-bonus,greedy,3,lost,528,17,0,1,0,1,4,0,0
no-cascade-bonus,greedy,4,lost,506,19,0,2,0,2,3,0,0
no-cascade-bonus,greedy,5,lost,1146,25,0,8,0,8,3,0,0
no-cascade-bonus,greedy,6,lost,588,18,0,2,0,2,3,0,0
no-cascade-bonus,greedy,7,lost,556,18,0,1,0,1,2,0,0
no-cascade-bonus,greedy,8,lost,1018,27,0,6,0,6,3,0,0
no-cascade-bonus,greedy,9,lost,1174,24,0,3,0,3,4,0,0
no-cascade-bonus,greedy,10,lost,958,22,0,2,0,2,3,0,0
no-cascade-bonus,greedy,11,lost,686,17,0,7,0,7,7,0,0
no-cascade-bonus,greedy,12,lost,660,14,0,3,0,3,3,0,0
no-cascade-bonus,greedy,13,lost,652,13,0,8,0,8,4,0,0
no-cascade-bonus,greedy,14,lost,1250,23,0,7,0,7,6,1,0
no-cascade-bonus,greedy,15,won,1360,24,0,5,0,5,5,0,0
no-cascade-bonus,greedy,16,lost,1259,25,0,3,0,3,5,0,0
no-cascade-bonus,greedy,17,lost,689,15,0,3,0,3,3,0,0
no-cascade-bonus,greedy,18,lost,1040,23,0,2,0,2,4,0,0
no-cascade-bonus,greedy,19,lost,714,16,0,2,0,2,7,0,0
no-cascade-bonus,greedy,20,lost,1134,22,0,2,0,2,3,0,0
no-cascade-bonus,greedy,21,lost,1195,21,0,2,0,2,5,1,0
no-cascade-bonus,greedy,22,lost,176,10,0,0,0,0,3,0,0
no-cascade-bonus,greedy,23,lost,678,14,0,1,0,1,3,0,0
no-cascade-bonus,greedy,24,lost,253,10,0,1,0,1,3,1,0
no-cascade-bonus,greedy,25,lost,705,19,0,4,0,4,3,0,0
no-cascade-bonus,greedy,26,won,1429,21,0,8,0,8,3,0,0
no-cascade-bonus,greedy,27,lost,684,17,0,2,0,2,4,0,0
no-cascade-bonus,greedy,28,lost,220,10,0,1,0,1,2,0,0
no-cascade-bonus,greedy,29,lost,579,18,0,4,0,4,3,1,0
no-cascade-bonus,greedy,30,lost,996,24,0,4,0,4,4,0,0
no-cascade-bonus,greedy,31,lost,955,25,0,4,0,4,3,0,0
no-cascade-bonus,greedy,32,lost,522,16,0,1,0,1,4,0,0
no-cascade-bonus,greedy,33,won,1469,22,0,6,0,6,10,0,0
no-cascade-bonus,greedy,34,lost,1363,23,0,5,0,5,5,0,0
no-cascade-bonus,greedy,35,lost,603,13,0,2,0,2,3,0,0
no-cascade-bonus,greedy,36,lost,1377,20,0,7,0,7,5,0,0
no-cascade-bonus,greedy,37,lost,628,17,0,1,0,1,2,0,0
no-cascade-bonus,greedy,38,lost,1460,23,0,6,0,6,4,0,0
no-cascade-bonus,greedy,39,lost,672,19,0,6,0,6,3,0,0
no-cascade-bonus,greedy,40,lost,684,17,0,3,0,3,3,0,0
no-cascade-bonus,greedy,41,lost,1274,27,0,5,0,5,5,0,0
no-cascade-bonus,greedy,42,lost,252,10,0,1,0,1,2,0,0
no-cascade-bonus,greedy,43,lost,1256,28,0,4,0,4,4,1,0
no-cascade-bonus,greedy,44,lost,1238,24,0,5,0,5,3,0,0
no-cascade-bonus,greedy,45,lost,663,19,0,6,0,6,3,0,0
no-cascade-bonus,greedy,46,lost,1106,24,0,6,0,6,4,0,0
no-cascade-bonus,greedy,47,lost,598,14,0,3,0,3,3,0,0
no-cascade-bonus,greedy,48,lost,651,14,0,2,0,2,8,0,0
no-cascade-bonus,greedy,49,lost,238,10,0,0,0,0,2,0,0
no-cascade-bonus,greedy,50,lost,926,21,0,7,0,7,3,0,0
no-cascade-bonus,greedy,51,won,1352,16,0,6,0,6,4,0,0
no-cascade-bonus,greedy,52,lost,619,16,0,2,0,2,3,0,0
no-cascade-bonus,greedy,53,lost,222,10,0,0,0,0,3,0,0
no-cascade-bonus,greedy,54,lost,188,10,0,0,0,0,4,0,0
no-cascade-bonus,greedy,55,lost,1194,21,0,7,0,7,4,0,0
no-cascade-bonus,greedy,56,lost,1095,29,0,7,0,7,3,0,0
no-cascade-bonus,greedy,57,lost,674,19,0,4,0,4,3,0,0
no-cascade-bonus,greedy,58,lost,775,17,0,3,0,3,4,0,0
no-cascade-bonus,greedy,59,lost,531,17,0,3,0,3,3,0,0
no-cascade-bonus,greedy,60,lost,230,10,0,2,0,2,2,0,0
no-cascade-bonus,greedy,61,lost,246,10,0,0,0,0,2,0,0
no-cascade-bonus,greedy,62,lost,1250,24,0,8,0,8,5,0,0
no-cascade-bonus,greedy,63,lost,516,16,0,3,0,3,3,0,0
no-cascade-bonus,greedy,64,lost,498,17,0,3,0,3,6,0,0
no-cascade-bonus,greedy,65,lost,1117,25,0,2,0,2,5,0,0
no-cascade-bonus,greedy,66,lost,247,10,0,0,0,0,2,0,0
no-cascade-bonus,greedy,67,lost,1302,23,0,10,0,10,6,0,0
no-cascade-bonus,greedy,68,lost,1217,25,0,3,0,3,5,0,0
no-cascade-bonus,greedy,69,won,1485,21,0,6,0,6,6,0,0
no-cascade-bonus,greedy,70,lost,599,17,0,1,0,1,3,0,0
no-cascade-bonus,greedy,71,lost,873,26,0,2,0,2,4,0,0
no-cascade-bonus,greedy,72,lost,1087,20,0,9,0,9,3,1,0
no-cascade-bonus,greedy,73,lost,242,10,0,2,0,2,2,0,0
no-cascade-bonus,greedy,74,lost,1144,19,0,5,0,5,5,1,0
no-cascade-bonus,greedy,75,lost,664,19,0,6,0,6,3,0,0
no-cascade-bonus,greedy,76,lost,623,14,0,5,0,5,3,0,0
no-cascade-bonus,greedy,77,lost,1206,20,0,7,0,7,4,0,0
no-cascade-bonus,greedy,78,lost,643,13,0,1,0,1,3,0,0
no-cascade-bonus,greedy,79,lost,1111,20,0,11,0,11,4,0,0
no-cascade-bonus,greedy,80,lost,820,19,0,5,0,5,7,0,0
no-cascade-bonus,greedy,81,lost,593,17,0,8,0,8,3,0,0
no-cascade-bonus,greedy,82,lost,698,17,0,6,0,6,4,1,0
no-cascade-bonus,greedy,83,lost,1176,26,0,5,0,5,6,0,0
no-cascade-bonus,greedy,84,lost,791,19,0,2,0,2,3,0,0
no-cascade-bonus,greedy,85,lost,499,19,0,2,0,2,3,0,0
no-cascade-bonus,greedy,86,lost,716,18,0,2,0,2,4,0,0
no-cascade-bonus,greedy,87,lost,1037,21,0,7,0,7,4,0,0
no-cascade-bonus,greedy,88,lost,663,17,0,2,0,2,4,0,0
no-cascade-bonus,greedy,89,lost,592,15,0,4,0,4,4,0,0
no-cascade-bonus,greedy,90,lost,694,16,0,2,0,2,4,1,0
no-cascade-bonus,greedy,91,lost,242,10,0,2,0,2,2,0,0
no-cascade-bonus,greedy,92,lost,714,14,0,2,0,2,3,0,0
no-cascade-bonus,greedy,93,lost,673,14,0,3,0,3,4,0,0
no-cascade-bonus,greedy,94,won,1451,20,0,8,0,8,5,0,0
no-cascade-bonus,greedy,95,lost,1084,20,0,4,0,4,6,0,0
no-cascade-bonus,greedy,96,lost,507,16,0,1,0,1,3,0,0
no-cascade-bonus,greedy,97,lost,1301,26,0,11,0,11,5,0,0
no-cascade-bonus,greedy,98,won,1369,21,0,6,0,6,4,0,0
no-cascade-bonus,greedy,99,lost,695,16,0,6,0,6,3,0,0
no-cascade-bonus,greedy,100,lost,723,17,0,5,0,5,4,0,0
no-cascade-bonus,spender,1,lost,784,15,0,2,0,2,3,0,0
no-cascade-bonus,spender,2,lost,632,14,0,2,0,2,3,0,0
no-cascade-bonus,spender,3,lost,528,17,0,1,0,1,4,0,0
no-cascade-bonus,spender,4,lost,506,19,0,2,0,2,3,0,0
no-cascade-bonus,spender,5,won,1354,25,2,6,6,0,3,0,0
no-cascade-bonus,spender,6,lost,588,18,0,2,0,2,3,0,0
no-cascade-bonus,spender,7,lost,556,18,0,1,0,1,2,0,0
no-cascade-bonus,spender,8,lost,1194,27,1,5,3,2,4,0,0
no-cascade-bonus,spender,9,lost,1056,24,1,4,3,1,4,0,0
no-cascade-bonus,spender,10,lost,958,22,0,2,0,2,3,0,0
no-cascade-bonus,spender,11,lost,1321,26,2,8,6,2,7,0,0
no-cascade-bonus,spender,12,won,1406,23,2,7,6,1,4,1,0
no-cascade-bonus,spender,13,lost,1069,23,1,4,3,1,4,0,0
no-cascade-bonus,spender,14,lost,466,18,1,3,3,0,3,0,0
no-cascade-bonus,spender,15,lost,1118,26,1,5,3,2,5,0,0
no-cascade-bonus,spender,16,lost,1262,25,1,3,3,0,5,0,0
no-cascade-bonus,spender,17,lost,654,15,1,4,3,1,3,0,0
no-cascade-bonus,spender,18,lost,1040,23,0,2,0,2,4,0,0
no-cascade-bonus,spender,19,lost,714,16,0,2,0,2,7,0,0
no-cascade-bonus,spender,20,lost,1134,22,0,2,0,2,3,0,0
no-cascade-bonus,spender,21,lost,1195,21,0,2,0,2,5,1,0
no-cascade-bonus,spender,22,lost,176,10,0,0,0,0,3,0,0
no-cascade-bonus,spender,23,lost,678,14,0,1,0,1,3,0,0
no-cascade-bonus,spender,24,lost,253,10,0,1,0,1,3,1,0
no-cascade-bonus,spender,25,lost,1028,30,1,5,3,2,4,0,0
no-cascade-bonus,spender,26,lost,1283,21,3,10,9,1,4,0,0
no-cascade-bonus,spender,27,lost,684,17,0,2,0,2,4,0,0
no-cascade-bonus,spender,28,lost,220,10,0,1,0,1,2,0,0
no-cascade-bonus,spender,29,lost,600,18,1,5,3,2,3,1,0
no-cascade-bonus,spender,30,lost,1088,24,1,4,3,1,4,1,0
no-cascade-bonus,spender,31,lost,1203,26,1,5,3,2,5,0,0
no-cascade-bonus,spender,32,lost,522,16,0,1,0,1,4,0,0
no-cascade-bonus,spender,33,lost,1138,26,2,6,6,0,4,0,0
no-cascade-bonus,spender,34,won,1386,23,1,4,3,1,5,0,0
no-cascade-bonus,spender,35,lost,603,13,0,2,0,2,3,0,0
no-cascade-bonus,spender,36,lost,1489,20,3,12,9,3,5,0,0
no-cascade-bonus,spender,37,lost,628,17,0,1,0,1,2,0,0
no-cascade-bonus,spender,38,lost,1190,23,1,5,3,2,4,1,0
no-cascade-bonus,spender,39,lost,554,18,2,7,6,1,3,0,0
no-cascade-bonus,spender,40,lost,604,17,1,3,3,0,3,0,0
no-cascade-bonus,spender,41,lost,661,17,1,3,3,0,4,0,0
no-cascade-bonus,spender,42,lost,252,10,0,1,0,1,2,0,0
no-cascade-bonus,spender,43,lost,1184,28,1,3,3,0,4,1,0
no-cascade-bonus,spender,44,won,1388,16,2,8,6,2,6,0,0
no-cascade-bonus,spender,45,lost,558,19,1,3,3,0,3,0,0
no-cascade-bonus,spender,46,lost,689,15,1,3,3,0,4,0,0
no-cascade-bonus,spender,47,lost,598,14,1,3,3,0,3,0,0
no-cascade-bonus,spender,48,lost,651,14,0,2,0,2,8,0,0
no-cascade-bonus,spender,49,lost,238,10,0,0,0,0,2,0,0
no-cascade-bonus,spender,50,lost,1324,20,1,5,3,2,4,0,0
no-cascade-bonus,spender,51,won,1432,21,2,8,6,2,9,0,0
no-cascade-bonus,spender,52,lost,619,16,0,2,0,2,3,0,0
no-cascade-bonus,spender,53,lost,222,10,0,0,0,0,3,0,0
no-cascade-bonus,spender,54,lost,188,10,0,0,0,0,4,0,0
no-cascade-bonus,spender,55,lost,1254,21,1,5,3,2,3,0,0
no-cascade-bonus,spender,56,lost,1097,29,1,5,3,2,3,0,0
no-cascade-bonus,spender,57,lost,693,19,1,4,3,1,3,0,0
no-cascade-bonus,spender,58,lost,752,17,1,3,3,0,4,0,0
no-cascade-bonus,spender,59,lost,529,17,1,3,3,0,3,0,0
no-cascade-bonus,spender,60,lost,230,10,0,2,0,2,2,0,0
no-cascade-bonus,spender,61,lost,246,10,0,0,0,0,2,0,0
no-cascade-bonus,spender,62,won,1366,24,2,8,6,2,6,0,0
no-cascade-bonus,spender,63,lost,1301,22,1,4,3,1,5,0,0
no-cascade-bonus,spender,64,lost,540,17,1,3,3,0,6,0,0
no-cascade-bonus,spender,65,lost,1117,25,0,2,0,2,5,0,0
no-cascade-bonus,spender,66,lost,247,10,0,0,0,0,2,0,0
no-cascade-bonus,spender,67,lost,1084,21,2,6,6,0,4,2,0
no-cascade-bonus,spender,68,lost,1424,25,1,4,3,1,5,0,0
no-cascade-bonus,spender,69,lost,1400,21,1,4,3,1,6,0,0
no-cascade-bonus,spender,70,lost,599,17,0,1,0,1,3,0,0
no-cascade-bonus,spender,71,lost,873,26,0,2,0,2,4,0,0
no-cascade-bonus,spender,72,won,1348,17,3,10,9,1,3,0,0
no-cascade-bonus,spender,73,lost,242,10,0,2,0,2,2,0,0
no-cascade-bonus,spender,74,lost,1231,21,2,6,6,0,5,0,0
no-cascade-bonus,spender,75,lost,670,18,1,4,3,1,4,0,0
no-cascade-bonus,spender,76,lost,1085,22,1,5,3,2,4,1,0
no-cascade-bonus,spender,77,lost,1300,20,1,6,3,3,4,0,0
no-cascade-bonus,spender,78,lost,643,13,0,1,0,1,3,0,0
no-cascade-bonus,spender,79,lost,654,14,1,4,3,1,2,0,0
no-cascade-bonus,spender,80,lost,1284,26,1,5,3,2,7,0,0
no-cascade-bonus,spender,81,lost,566,17,1,3,3,0,3,0,0
no-cascade-bonus,spender,82,lost,1014,24,3,11,9,2,4,1,0
no-cascade-bonus,spender,83,lost,1301,26,1,4,3,1,6,0,0
no-cascade-bonus,spender,84,lost,791,19,0,2,0,2,3,0,0
no-cascade-bonus,spender,85,lost,499,19,0,2,0,2,3,0,0
no-cascade-bonus,spender,86,lost,716,18,0,2,0,2,4,0,0
no-cascade-bonus,spender,87,won,1563,15,1,6,3,3,6,1,0
no-cascade-bonus,spender,88,lost,663,17,0,2,0,2,4,0,0
no-cascade-bonus,spender,89,lost,550,15,1,3,3,0,4,0,0
no-cascade-bonus,spender,90,lost,694,16,0,2,0,2,4,1,0
no-cascade-bonus,spender,91,lost,242,10,0,2,0,2,2,0,0
no-cascade-bonus,spender,92,lost,714,14,0,2,0,2,3,0,0
no-cascade-bonus,spender,93,lost,1207,20,1,5,3,2,5,0,0
no-cascade-bonus,spender,94,lost,1338,21,2,7,6,1,4,0,0
no-cascade-bonus,spender,95,lost,1023,25,1,5,3,2,5,0,0
no-cascade-bonus,spender,96,lost,507,16,0,1,0,1,3,0,0
no-cascade-bonus,spender,97,lost,558,16,1,5,3,2,3,0,0
no-cascade-bonus,spender,98,won,1376,22,2,9,6,3,4,0,0
no-cascade-bonus,spender,99,lost,479,16,1,3,3,0,3,0,0
no-cascade-bonus,spender,100,won,1389,24,1,5,3,2,4,0,0
coin-rate-5,greedy,1,lost,1551,23,0,13,0,13,3,0,0
coin-rate-5,greedy,2,lost,891,14,0,6,0,6,3,0,0
coin-rate-5,greedy,3,lost,1334,19,0,10,0,10,4,0,0
coin-rate-5,greedy,4,lost,1386,26,0,11,0,11,4,0,0
coin-rate-5,greedy,5,lost,1467,24,0,11,0,11,3,0,0
coin-rate-5,greedy,6,lost,697,18,0,5,0,5,3,0,0
coin-rate-5,greedy,7,won,1350,19,0,11,0,11,4,0,0
coin-rate-5,greedy,8,lost,1340,25,0,13,0,13,5,1,0
coin-rate-5,greedy,9,lost,1437,22,0,13,0,13,4,0,0
coin-rate-5,greedy,10,won,1921,15,0,6,0,6,5,0,0
coin-rate-5,greedy,11,lost,1280,17,0,13,0,13,7,0,0
coin-rate-5,greedy,12,lost,806,14,0,3,0,3,3,0,0
coin-rate-5,greedy,13,lost,861,13,0,15,0,15,4,0,0
coin-rate-5,greedy,14,lost,1310,23,0,13,0,13,4,0,0
coin-rate-5,greedy,15,won,1601,22,0,14,0,14,3,0,0
coin-rate-5,greedy,16,won,1488,17,0,10,0,10,3,0,0
coin-rate-5,greedy,17,won,1562,16,0,11,0,11,3,0,0
coin-rate-5,greedy,18,won,1477,16,0,11,0,11,4,0,0
coin-rate-5,greedy,19,lost,1343,16,0,7,0,7,7,0,0
coin-rate-5,greedy,20,lost,1400,22,0,17,0,17,4,0,0
coin-rate-5,greedy,21,lost,1326,20,0,3,0,3,5,0,0
coin-rate-5,greedy,22,lost,209,10,0,0,0,0,3,0,0
coin-rate-5,greedy,23,lost,1100,19,0,6,0,6,4,0,0
coin-rate-5,greedy,24,won,1613,23,0,13,0,13,5,1,0
coin-rate-5,greedy,25,won,1549,28,0,15,0,15,3,0,0
coin-rate-5,greedy,26,lost,1388,14,0,14,0,14,5,0,0
coin-rate-5,greedy,27,lost,946,17,0,6,0,6,4,0,0
coin-rate-5,greedy,28,lost,247,10,0,3,0,3,2,0,0
coin-rate-5,greedy,29,lost,629,14,0,6,0,6,3,1,0
coin-rate-5,greedy,30,won,1406,24,0,15,0,15,4,0,0
coin-rate-5,greedy,31,lost,1653,19,0,6,0,6,5,0,0
coin-rate-5,greedy,32,lost,640,16,0,5,0,5,4,0,0
coin-rate-5,greedy,33,lost,1482,25,0,14,0,14,4,0,0
coin-rate-5,greedy,34,won,1669,19,0,9,0,9,5,0,0
coin-rate-5,greedy,35,lost,660,12,0,5,0,5,2,0,0
coin-rate-5,greedy,36,lost,1269,20,0,6,0,6,5,0,0
coin-rate-5,greedy,37,lost,695,17,0,6,0,6,2,0,0
coin-rate-5,greedy,38,lost,1290,18,0,9,0,9,4,1,0
coin-rate-5,greedy,39,won,1359,20,0,11,0,11,5,0,0
coin-rate-5,greedy,40,lost,1134,24,0,11,0,11,3,0,0
coin-rate-5,greedy,41,won,1467,22,0,11,0,11,4,0,0
coin-rate-5,greedy,42,lost,1219,25,0,8,0,8,3,0,0
coin-rate-5,greedy,43,lost,984,22,0,7,0,7,4,0,0
coin-rate-5,greedy,44,won,1686,16,0,11,0,11,6,0,0
coin-rate-5,greedy,45,lost,816,19,0,15,0,15,3,0,0
coin-rate-5,greedy,46,lost,1100,20,0,11,0,11,4,0,0
coin-rate-5,greedy,47,lost,1091,16,0,13,0,13,4,0,0
coin-rate-5,greedy,48,lost,1272,14,0,6,0,6,8,0,0
coin-rate-5,greedy,49,lost,256,10,0,1,0,1,2,0,0
coin-rate-5,greedy,50,lost,909,20,0,11,0,11,3,0,0
coin-rate-5,greedy,51,lost,1333,16,0,6,0,6,5,0,0
coin-rate-5,greedy,52,lost,624,15,0,7,0,7,3,0,0
coin-rate-5,greedy,53,lost,246,10,0,1,0,1,3,0,0
coin-rate-5,greedy,54,won,1356,23,0,18,0,18,4,0,0
coin-rate-5,greedy,55,won,1619,15,0,4,0,4,4,0,0
coin-rate-5,greedy,56,won,1467,19,0,14,0,14,4,0,0
coin-rate-5,greedy,57,lost,1194,28,0,19,0,19,3,0,0
coin-rate-5,greedy,58,lost,1226,17,0,8,0,8,4,0,0
coin-rate-5,greedy,59,lost,1171,20,0,7,0,7,5,0,0
coin-rate-5,greedy,60,lost,245,10,0,3,0,3,2,0,0
coin-rate-5,greedy,61,lost,1038,28,0,10,0,10,2,0,0
coin-rate-5,greedy,62,lost,1214,20,0,10,0,10,3,0,0
coin-rate-5,greedy,63,won,1460,11,0,11,0,11,4,0,0
coin-rate-5,greedy,64,lost,853,17,0,7,0,7,6,0,0
coin-rate-5,greedy,65,lost,1138,19,0,6,0,6,3,0,0
coin-rate-5,greedy,66,won,1495,22,0,7,0,7,4,0,0
coin-rate-5,greedy,67,won,2106,23,0,19,0,19,6,0,0
coin-rate-5,greedy,68,lost,1197,22,0,10,0,10,4,0,0
coin-rate-5,greedy,69,won,1749,12,0,11,0,11,5,0,0
coin-rate-5,greedy,70,lost,1346,16,0,9,0,9,4,0,0
coin-rate-5,greedy,71,won,1540,14,0,9,0,9,6,0,0
coin-rate-5,greedy,72,won,1350,20,0,15,0,15,3,0,0
coin-rate-5,greedy,73,lost,254,10,0,4,0,4,2,0,0
coin-rate-5,greedy,74,won,1514,13,0,8,0,8,5,0,0
coin-rate-5,greedy,75,won,1332,23,0,15,0,15,3,0,0
coin-rate-5,greedy,76,lost,788,14,0,11,0,11,3,0,0
coin-rate-5,greedy,77,won,1687,19,0,9,0,9,4,0,0
coin-rate-5,greedy,78,lost,1304,20,0,10,0,10,3,0,0
coin-rate-5,greedy,79,lost,1228,18,0,11,0,11,2,0,0
coin-rate-5,greedy,80,lost,1326,26,0,13,0,13,3,0,0
coin-rate-5,greedy,81,lost,1292,25,0,15,0,15,3,0,0
coin-rate-5,greedy,82,lost,1263,27,0,14,0,14,4,1,0
coin-rate-5,greedy,83,lost,1257,23,0,5,0,5,6,0,0
coin-rate-5,greedy,84,lost,1364,29,0,9,0,9,4,0,0
coin-rate-5,greedy,85,lost,684,18,0,7,0,7,3,0,0
coin-rate-5,greedy,86,won,1670,25,0,16,0,16,4,0,0
coin-rate-5,greedy,87,lost,1538,17,0,7,0,7,3,2,0
coin-rate-5,greedy,88,lost,1205,24,0,11,0,11,3,0,0
coin-rate-5,greedy,89,lost,617,13,0,4,0,4,4,0,0
coin-rate-5,greedy,90,lost,662,15,0,6,0,6,3,0,0
coin-rate-5,greedy,91,lost,252,10,0,2,0,2,2,0,0
coin-rate-5,greedy,92,lost,879,14,0,9,0,9,3,0,0
coin-rate-5,greedy,93,lost,1190,21,0,9,0,9,4,1,0
coin-rate-5,greedy,94,lost,456,14,0,1,0,1,2,0,0
coin-rate-5,greedy,95,lost,1661,17,0,10,0,10,4,0,0
coin-rate-5,greedy,96,won,1529,10,0,12,0,12,5,0,0
coin-rate-5,greedy,97,lost,1256,22,0,10,0,10,3,1,0
coin-rate-5,greedy,98,lost,1285,20,0,8,0,8,4,1,0
coin-rate-5,greedy,99,lost,518,15,0,8,0,8,3,1,0
coin-rate-5,greedy,100,lost,686,16,0,6,0,6,3,0,0
coin-rate-5,spender,1,won,1463,17,3,10,9,1,5,0,0
coin-rate-5,spender,2,won,1670,22,4,12,12,0,4,0,0
coin-rate-5,spender,3,lost,708,15,2,6,6,0,3,0,0
coin-rate-5,spender,4,lost,1231,21,2,9,6,3,3,0,0
coin-rate-5,spender,5,lost,1389,28,3,10,9,1,3,0,0
coin-rate-5,spender,6,lost,929,22,3,9,9,0,3,0,0
coin-rate-5,spender,7,won,1398,12,2,9,6,3,5,0,0
coin-rate-5,spender,8,lost,644,14,3,9,9,0,2,0,0
coin-rate-5,spender,9,lost,794,16,1,5,3,2,3,0,0
coin-rate-5,spender,10,won,1825,14,1,5,3,2,5,0,0
coin-rate-5,spender,11,won,1450,23,3,10,9,1,3,0,0
coin-rate-5,spender,12,lost,657,14,1,4,3,1,3,0,0
coin-rate-5,spender,13,won,1603,21,6,21,18,3,3,0,0
coin-rate-5,spender,14,lost,1192,17,3,10,9,1,4,0,0
coin-rate-5,spender,15,lost,887,18,2,9,6,3,5,0,0
coin-rate-5,spender,16,lost,1324,24,2,7,6,1,3,0,0
coin-rate-5,spender,17,lost,742,13,1,5,3,2,3,0,0
coin-rate-5,spender,18,lost,1322,18,2,7,6,1,6,0,0
coin-rate-5,spender,19,lost,1759,20,4,17,12,5,7,0,0
coin-rate-5,spender,20,lost,678,12,1,5,3,2,2,0,0
coin-rate-5,spender,21,lost,1406,20,1,5,3,2,5,0,0
coin-rate-5,spender,22,lost,209,10,0,0,0,0,3,0,0
coin-rate-5,spender,23,lost,724,13,1,5,3,2,3,0,0
coin-rate-5,spender,24,lost,1262,26,4,13,12,1,4,1,0
coin-rate-5,spender,25,lost,642,17,2,7,6,1,3,0,0
coin-rate-5,spender,26,won,1370,7,2,7,6,1,3,0,0
coin-rate-5,spender,27,lost,653,17,2,9,6,3,2,0,0
coin-rate-5,spender,28,lost,247,10,0,3,0,3,2,0,0
coin-rate-5,spender,29,lost,1106,24,3,10,9,1,4,0,0
coin-rate-5,spender,30,lost,1146,22,3,11,9,2,4,0,0
coin-rate-5,spender,31,won,1377,22,2,8,6,2,3,0,0
coin-rate-5,spender,32,lost,1140,26,3,10,9,1,3,0,0
coin-rate-5,spender,33,lost,1466,20,2,6,6,0,4,1,0
coin-rate-5,spender,34,lost,1260,20,1,6,3,3,5,1,0
coin-rate-5,spender,35,won,1429,18,5,16,15,1,5,1,0
coin-rate-5,spender,36,won,1704,14,2,7,6,1,5,0,0
coin-rate-5,spender,37,lost,626,15,2,8,6,2,3,0,0
coin-rate-5,spender,38,lost,1297,18,3,11,9,2,3,0,0
coin-rate-5,spender,39,won,1501,16,3,12,9,3,5,0,0
coin-rate-5,spender,40,won,1392,21,3,9,9,0,3,0,0
coin-rate-5,spender,41,won,1451,23,1,5,3,2,4,0,0
coin-rate-5,spender,42,lost,978,28,2,8,6,2,3,0,0
coin-rate-5,spender,43,lost,1250,23,2,8,6,2,4,0,0
coin-rate-5,spender,44,lost,1150,24,3,10,9,1,4,0,0
coin-rate-5,spender,45,lost,1228,30,3,11,9,2,4,1,0
coin-rate-5,spender,46,won,2135,15,3,12,9,3,5,0,0
coin-rate-5,spender,47,lost,1273,16,4,14,12,2,3,0,0
coin-rate-5,spender,48,won,2181,17,5,19,15,4,8,0,0
coin-rate-5,spender,49,lost,256,10,0,1,0,1,2,0,0
coin-rate-5,spender,50,won,1881,8,6,20,18,2,5,0,0
coin-rate-5,spender,51,lost,1475,16,3,10,9,1,5,0,0
coin-rate-5,spender,52,lost,595,15,1,5,3,2,3,0,0
coin-rate-5,spender,53,lost,246,10,0,1,0,1,3,0,0
coin-rate-5,spender,54,won,1375,23,5,17,15,2,4,0,0
coin-rate-5,spender,55,won,1619,15,0,4,0,4,4,0,0
coin-rate-5,spender,56,won,1350,17,4,14,12,2,4,0,0
coin-rate-5,spender,57,lost,1044,27,5,18,15,3,4,0,0
coin-rate-5,spender,58,won,2148,21,4,13,12,1,6,0,0
coin-rate-5,spender,59,lost,622,15,1,5,3,2,2,0,0
coin-rate-5,spender,60,lost,245,10,0,3,0,3,2,0,0
coin-rate-5,spender,61,lost,615,19,1,4,3,1,2,0,0
coin-rate-5,spender,62,won,1598,21,2,11,6,5,5,1,0
coin-rate-5,spender,63,won,1487,16,3,10,9,1,3,0,0
coin-rate-5,spender,64,lost,1200,23,2,8,6,2,3,0,0
coin-rate-5,spender,65,won,1357,16,2,6,6,0,3,0,0
coin-rate-5,spender,66,won,1424,22,2,7,6,1,4,0,0
coin-rate-5,spender,67,lost,844,14,2,7,6,1,4,0,0
coin-rate-5,spender,68,won,2620,20,5,16,15,1,7,0,0
coin-rate-5,spender,69,lost,1140,20,2,8,6,2,4,0,0
coin-rate-5,spender,70,lost,1046,16,3,10,9,1,3,0,0
coin-rate-5,spender,71,lost,1169,22,2,7,6,1,4,0,0
coin-rate-5,spender,72,lost,1419,17,3,11,9,2,4,0,0
coin-rate-5,spender,73,lost,254,10,1,4,3,1,2,0,0
coin-rate-5,spender,74,lost,785,12,2,7,6,1,5,0,0
coin-rate-5,spender,75,won,1402,17,3,14,9,5,4,0,0
coin-rate-5,spender,76,lost,1342,20,5,16,15,1,3,0,0
coin-rate-5,spender,77,won,1427,18,3,10,9,1,3,0,0
coin-rate-5,spender,78,won,1398,14,3,12,9,3,3,0,0
coin-rate-5,spender,79,lost,1098,16,2,8,6,2,3,0,0
coin-rate-5,spender,80,won,1396,24,3,12,9,3,4,0,0
coin-rate-5,spender,81,won,1653,27,3,12,9,3,3,0,0
coin-rate-5,spender,82,lost,1289,20,6,19,18,1,4,1,0
coin-rate-5,spender,83,won,1503,21,2,7,6,1,6,0,0
coin-rate-5,spender,84,lost,1630,25,4,12,12,0,4,0,0
coin-rate-5,spender,85,lost,1158,27,2,6,6,0,3,0,0
coin-rate-5,spender,86,won,1748,21,4,15,12,3,5,0,0
coin-rate-5,spender,87,lost,1573,17,4,12,12,0,4,0,0
coin-rate-5,spender,88,lost,553,16,1,6,3,3,3,0,0
coin-rate-5,spender,89,lost,629,13,1,4,3,1,4,0,0
coin-rate-5,spender,90,won,1703,20,4,13,12,1,4,0,0
coin-rate-5,spender,91,lost,252,10,0,2,0,2,2,0,0
coin-rate-5,spender,92,lost,1259,18,4,14,12,2,4,0,0
coin-rate-5,spender,93,lost,590,13,1,3,3,0,4,0,0
coin-rate-5,spender,94,lost,456,14,0,1,0,1,2,0,0
coin-rate-5,spender,95,lost,1551,19,4,13,12,1,5,1,0
coin-rate-5,spender,96,won,1573,12,2,11,6,5,5,0,0
coin-rate-5,spender,97,won,1617,18,3,11,9,2,6,0,0
coin-rate-5,spender,98,won,1851,17,2,14,6,8,4,0,0
coin-rate-5,spender,99,lost,615,15,2,7,6,1,3,1,0
coin-rate-5,spender,100,lost,606,16,1,7,3,4,3,0,0
reroll-cost-2,greedy,1,lost,1551,23,0,2,0,2,3,0,0
reroll-cost-2,greedy,2,lost,891,14,0,2,0,2,3,0,0
reroll-cost-2,greedy,3,lost,1334,19,0,2,0,2,4,0,0
reroll-cost-2,greedy,4,lost,1386,26,0,5,0,5,4,0,0
reroll-cost-2,greedy,5,lost,1467,24,0,2,0,2,3,0,0
reroll-cost-2,greedy,6,lost,697,18,0,2,0,2,3,0,0
reroll-cost-2,greedy,7,won,1350,19,0,4,0,4,4,0,0
reroll-cost-2,greedy,8,lost,1340,25,0,5,0,5,5,1,0
reroll-cost-2,greedy,9,lost,1437,22,0,5,0,5,4,0,0
reroll-cost-2,greedy,10,won,1921,15,0,1,0,1,5,0,0
reroll-cost-2,greedy,11,lost,1280,17,0,7,0,7,7,0,0
reroll-cost-2,greedy,12,lost,806,14,0,3,0,3,3,0,0
reroll-cost-2,greedy,13,lost,861,13,0,8,0,8,4,0,0
reroll-cost-2,greedy,14,lost,1310,23,0,6,0,6,4,0,0
reroll-cost-2,greedy,15,won,1601,22,0,5,0,5,3,0,0
reroll-cost-2,greedy,16,won,1488,17,0,4,0,4,3,0,0
reroll-cost-2,greedy,17,won,1562,16,0,5,0,5,3,0,0
reroll-cost-2,greedy,18,won,1477,16,0,4,0,4,4,0,0
reroll-cost-2,greedy,19,lost,1343,16,0,2,0,2,7,0,0
reroll-cost-2,greedy,20,lost,1400,22,0,6,0,6,4,0,0
reroll-cost-2,greedy,21,lost,1326,20,0,1,0,1,5,0,0
reroll-cost-2,greedy,22,lost,209,10,0,0,0,0,3,0,0
reroll-cost-2,greedy,23,lost,1100,19,0,2,0,2,4,0,0
reroll-cost-2,greedy,24,won,1613,23,0,4,0,4,5,1,0
reroll-cost-2,greedy,25,won,1549,28,0,5,0,5,3,0,0
reroll-cost-2,greedy,26,lost,1388,14,0,5,0,5,5,0,0
reroll-cost-2,greedy,27,lost,946,17,0,2,0,2,4,0,0
reroll-cost-2,greedy,28,lost,247,10,0,1,0,1,2,0,0
reroll-cost-2,greedy,29,lost,629,14,0,4,0,4,3,1,0
reroll-cost-2,greedy,30,won,1406,24,0,4,0,4,4,0,0
reroll-cost-2,greedy,31,lost,1653,19,0,2,0,2,5,0,0
reroll-cost-2,greedy,32,lost,640,16,0,1,0,1,4,0,0
reroll-cost-2,greedy,33,lost,1482,25,0,7,0,7,4,0,0
reroll-cost-2,greedy,34,won,1669,19,0,3,0,3,5,0,0
reroll-cost-2,greedy,35,lost,660,12,0,1,0,1,2,0,0
reroll-cost-2,greedy,36,lost,1269,20,0,3,0,3,5,0,0
reroll-cost-2,greedy,37,lost,695,17,0,1,0,1,2,0,0
reroll-cost-2,greedy,38,lost,1290,18,0,4,0,4,4,1,0
reroll-cost-2,greedy,39,won,1359,20,0,5,0,5,5,0,0
reroll-cost-2,greedy,40,lost,1134,24,0,3,0,3,3,0,0
reroll-cost-2,greedy,41,won,1467,22,0,4,0,4,4,0,0
reroll-cost-2,greedy,42,lost,1219,25,0,7,0,7,3,0,0
reroll-cost-2,greedy,43,lost,984,22,0,2,0,2,4,0,0
reroll-cost-2,greedy,44,won,1686,16,0,4,0,4,6,0,0
reroll-cost-2,greedy,45,lost,816,19,0,6,0,6,3,0,0
reroll-cost-2,greedy,46,lost,1100,20,0,7,0,7,4,0,0
reroll-cost-2,greedy,47,lost,1091,16,0,6,0,6,4,0,0
reroll-cost-2,greedy,48,lost,1272,14,0,2,0,2,8,0,0
reroll-cost-2,greedy,49,lost,256,10,0,0,0,0,2,0,0
reroll-cost-2,greedy,50,lost,909,20,0,5,0,5,3,0,0
reroll-cost-2,greedy,51,lost,1333,16,0,4,0,4,5,0,0
reroll-cost-2,greedy,52,lost,624,15,0,3,0,3,3,0,0
reroll-cost-2,greedy,53,lost,246,10,0,0,0,0,3,0,0
reroll-cost-2,greedy,54,won,1356,23,0,8,0,8,4,0,0
reroll-cost-2,greedy,55,won,1619,15,0,2,0,2,4,0,0
reroll-cost-2,greedy,56,won,1467,19,0,8,0,8,4,0,0
reroll-cost-2,greedy,57,lost,1194,28,0,7,0,7,3,0,0
reroll-cost-2,greedy,58,lost,1226,17,0,3,0,3,4,0,0
reroll-cost-2,greedy,59,lost,1171,20,0,3,0,3,5,0,0
reroll-cost-2,greedy,60,lost,245,10,0,2,0,2,2,0,0
reroll-cost-2,greedy,61,lost,1038,28,0,4,0,4,2,0,0
reroll-cost-2,greedy,62,lost,1214,20,0,4,0,4,3,0,0
reroll-cost-2,greedy,63,won,1460,11,0,4,0,4,4,0,0
reroll-cost-2,greedy,64,lost,853,17,0,3,0,3,6,0,0
reroll-cost-2,greedy,65,lost,1138,19,0,2,0,2,3,0,0
reroll-cost-2,greedy,66,won,1495,22,0,4,0,4,4,0,0
reroll-cost-2,greedy,67,won,2106,23,0,10,0,10,6,0,0
reroll-cost-2,greedy,68,lost,1197,22,0,4,0,4,4,0,0
reroll-cost-2,greedy,69,won,1749,12,0,5,0,5,5,0,0
reroll-cost-2,greedy,70,lost,1346,16,0,2,0,2,4,0,0
reroll-cost-2,greedy,71,won,1540,14,0,2,0,2,6,0,0
reroll-cost-2,greedy,72,won,1350,20,0,8,0,8,3,0,0
reroll-cost-2,greedy,73,lost,254,10,0,2,0,2,2,0,0
reroll-cost-2,greedy,74,won,1514,13,0,5,0,5,5,0,0
reroll-cost-2,greedy,75,won,1332,23,0,5,0,5,3,0,0
reroll-cost-2,greedy,76,lost,788,14,0,5,0,5,3,0,0
reroll-cost-2,greedy,77,won,1687,19,0,5,0,5,4,0,0
reroll-cost-2,greedy,78,lost,1304,20,0,3,0,3,3,0,0
reroll-cost-2,greedy,79,lost,1228,18,0,7,0,7,2,0,0
reroll-cost-2,greedy,80,lost,1326,26,0,7,0,7,3,0,0
reroll-cost-2,greedy,81,lost,1292,25,0,8,0,8,3,0,0
reroll-cost-2,greedy,82,lost,1263,27,0,8,0,8,4,1,0
reroll-cost-2,greedy,83,lost,1257,23,0,1,0,1,6,0,0
reroll-cost-2,greedy,84,lost,1364,29,0,4,0,4,4,0,0
reroll-cost-2,greedy,85,lost,684,18,0,2,0,2,3,0,0
reroll-cost-2,greedy,86,won,1670,25,0,4,0,4,4,0,0
reroll-cost-2,greedy,87,lost,1538,17,0,2,0,2,3,2,0
reroll-cost-2,greedy,88,lost,1205,24,0,2,0,2,3,0,0
reroll-cost-2,greedy,89,lost,617,13,0,1,0,1,4,0,0
reroll-cost-2,greedy,90,lost,662,15,0,2,0,2,3,0,0
reroll-cost-2,greedy,91,lost,252,10,0,2,0,2,2,0,0
reroll-cost-2,greedy,92,lost,879,14,0,2,0,2,3,0,0
reroll-cost-2,greedy,93,lost,1190,21,0,3,0,3,4,1,0
reroll-cost-2,greedy,94,lost,456,14,0,0,0,0,2,0,0
reroll-cost-2,greedy,95,lost,1661,17,0,3,0,3,4,0,0
reroll-cost-2,greedy,96,won,1529,10,0,2,0,2,5,0,0
reroll-cost-2,greedy,97,lost,1256,22,0,3,0,3,3,1,0
reroll-cost-2,greedy,98,lost,1285,20,0,5,0,5,4,1,0
reroll-cost-2,greedy,99,lost,518,15,0,3,0,3,3,1,0
reroll-cost-2,greedy,100,lost,686,16,0,2,0,2,3,0,0
reroll-cost-2,spender,1,won,1713,23,2,5,4,1,3,0,0
reroll-cost-2,spender,2,won,1651,23,3,6,6,0,4,1,0
reroll-cost-2,spender,3,lost,1379,24,1,2,2,0,3,0,0
reroll-cost-2,spender,4,won,2000,26,4,8,8,0,5,0,0
reroll-cost-2,spender,5,lost,1370,24,1,3,2,1,3,0,0
reroll-cost-2,spender,6,lost,721,18,2,4,4,0,3,0,0
reroll-cost-2,spender,7,lost,1254,19,3,6,6,0,4,0,0
reroll-cost-2,spender,8,lost,685,14,2,5,4,1,4,0,0
reroll-cost-2,spender,9,lost,794,16,1,3,2,1,3,0,0
reroll-cost-2,spender,10,won,1921,15,0,1,0,1,5,0,0
reroll-cost-2,spender,11,lost,1450,23,3,6,6,0,4,1,0
reroll-cost-2,spender,12,lost,480,14,1,3,2,1,2,0,0
reroll-cost-2,spender,13,lost,1470,18,1,2,2,0,3,0,0
reroll-cost-2,spender,14,lost,989,17,3,7,6,1,4,0,0
reroll-cost-2,spender,15,lost,1595,24,2,5,4,1,5,0,0
reroll-cost-2,spender,16,won,1488,17,0,4,0,4,3,0,0
reroll-cost-2,spender,17,lost,978,20,1,3,2,1,3,0,0
reroll-cost-2,spender,18,won,1581,15,2,5,4,1,6,0,0
reroll-cost-2,spender,19,won,2066,23,1,5,2,3,7,0,0
reroll-cost-2,spender,20,lost,678,12,1,3,2,1,2,0,0
reroll-cost-2,spender,21,lost,1326,20,0,1,0,1,5,0,0
reroll-cost-2,spender,22,lost,209,10,0,0,0,0,3,0,0
reroll-cost-2,spender,23,lost,1100,19,1,2,2,0,4,0,0
reroll-cost-2,spender,24,lost,707,17,1,2,2,0,3,2,0
reroll-cost-2,spender,25,lost,1392,26,2,6,4,2,3,0,0
reroll-cost-2,spender,26,won,1379,11,1,3,2,1,3,0,0
reroll-cost-2,spender,27,won,1605,23,2,4,4,0,4,0,0
reroll-cost-2,spender,28,lost,247,10,0,1,0,1,2,0,0
reroll-cost-2,spender,29,lost,1106,24,3,6,6,0,4,0,0
reroll-cost-2,spender,30,lost,1044,23,2,5,4,1,3,1,0
reroll-cost-2,spender,31,lost,1668,19,1,2,2,0,5,0,0
reroll-cost-2,spender,32,lost,640,16,0,1,0,1,4,0,0
reroll-cost-2,spender,33,lost,1466,20,2,4,4,0,4,1,0
reroll-cost-2,spender,34,won,1677,15,1,3,2,1,5,0,0
reroll-cost-2,spender,35,lost,660,12,0,1,0,1,2,0,0
reroll-cost-2,spender,36,won,1672,11,2,6,4,2,5,0,0
reroll-cost-2,spender,37,lost,695,17,0,1,0,1,2,0,0
reroll-cost-2,spender,38,lost,1255,18,1,3,2,1,3,0,0
reroll-cost-2,spender,39,won,1501,16,3,6,6,0,5,0,0
reroll-cost-2,spender,40,won,1390,20,1,3,2,1,5,0,0
reroll-cost-2,spender,41,won,2220,18,1,3,2,1,6,0,0
reroll-cost-2,spender,42,won,1324,28,2,5,4,1,3,0,0
reroll-cost-2,spender,43,lost,1026,22,1,3,2,1,4,0,0
reroll-cost-2,spender,44,won,1413,19,2,5,4,1,4,0,0
reroll-cost-2,spender,45,won,1893,27,4,8,8,0,6,0,0
reroll-cost-2,spender,46,won,1441,18,3,6,6,0,4,0,0
reroll-cost-2,spender,47,lost,1421,16,2,5,4,1,4,0,0
reroll-cost-2,spender,48,lost,1247,14,1,3,2,1,8,1,0
reroll-cost-2,spender,49,lost,256,10,0,0,0,0,2,0,0
reroll-cost-2,spender,50,lost,626,13,1,3,2,1,3,0,0
reroll-cost-2,spender,51,won,1668,11,2,8,4,4,6,0,0
reroll-cost-2,spender,52,lost,710,15,1,4,2,2,3,0,0
reroll-cost-2,spender,53,lost,246,10,0,0,0,0,3,0,0
reroll-cost-2,spender,54,won,1333,24,3,8,6,2,4,0,0
reroll-cost-2,spender,55,won,1619,15,0,2,0,2,4,0,0
reroll-cost-2,spender,56,lost,1004,21,2,5,4,1,4,0,0
reroll-cost-2,spender,57,won,1824,23,2,6,4,2,5,0,0
reroll-cost-2,spender,58,won,1882,25,3,7,6,1,4,0,0
reroll-cost-2,spender,59,won,1617,18,1,3,2,1,5,0,0
reroll-cost-2,spender,60,won,1867,21,2,6,4,2,7,0,0
reroll-cost-2,spender,61,won,1569,19,1,3,2,1,4,0,0
reroll-cost-2,spender,62,won,1426,19,5,10,10,0,3,0,0
reroll-cost-2,spender,63,won,1608,23,3,8,6,2,4,0,0
reroll-cost-2,spender,64,lost,893,17,1,3,2,1,6,0,0
reroll-cost-2,spender,65,won,1382,20,1,3,2,1,3,0,0
reroll-cost-2,spender,66,won,1479,21,3,7,6,1,4,0,0
reroll-cost-2,spender,67,lost,844,14,2,5,4,1,4,0,0
reroll-cost-2,spender,68,lost,1101,22,2,4,4,0,3,0,0
reroll-cost-2,spender,69,lost,1402,21,2,5,4,1,4,0,0
reroll-cost-2,spender,70,won,1426,16,2,4,4,0,3,1,0
reroll-cost-2,spender,71,won,1540,14,0,2,0,2,6,0,0
reroll-cost-2,spender,72,lost,1243,21,2,5,4,1,2,0,0
reroll-cost-2,spender,73,lost,254,10,1,2,2,0,2,0,0
reroll-cost-2,spender,74,lost,785,12,1,3,2,1,5,0,0
reroll-cost-2,spender,75,won,1502,15,3,7,6,1,3,0,0
reroll-cost-2,spender,76,won,1662,16,1,2,2,0,7,0,0
reroll-cost-2,spender,77,won,1511,19,3,7,6,1,5,0,0
reroll-cost-2,spender,78,lost,1202,20,1,2,2,0,3,0,0
reroll-cost-2,spender,79,lost,1287,17,2,5,4,1,3,0,0
reroll-cost-2,spender,80,won,1524,21,2,5,4,1,5,0,0
reroll-cost-2,spender,81,lost,1237,13,1,4,2,2,5,0,0
reroll-cost-2,spender,82,lost,1480,21,5,10,10,0,4,1,0
reroll-cost-2,spender,83,lost,1257,23,0,1,0,1,6,0,0
reroll-cost-2,spender,84,lost,1571,29,2,6,4,2,3,0,0
reroll-cost-2,spender,85,lost,598,18,1,2,2,0,3,0,0
reroll-cost-2,spender,86,lost,1565,27,1,2,2,0,4,0,0
reroll-cost-2,spender,87,lost,1518,17,1,2,2,0,4,1,0
reroll-cost-2,spender,88,lost,1134,24,1,3,2,1,3,0,0
reroll-cost-2,spender,89,lost,617,13,0,1,0,1,4,0,0
reroll-cost-2,spender,90,lost,1127,22,1,3,2,1,4,0,0
reroll-cost-2,spender,91,lost,1312,25,2,4,4,0,3,0,0
reroll-cost-2,spender,92,lost,1415,21,2,4,4,0,4,0,0
reroll-cost-2,spender,93,lost,1230,21,1,3,2,1,4,0,0
reroll-cost-2,spender,94,lost,456,14,0,0,0,0,2,0,0
reroll-cost-2,spender,95,lost,1268,21,2,5,4,1,3,0,0
reroll-cost-2,spender,96,won,1529,10,0,2,0,2,5,0,0
reroll-cost-2,spender,97,lost,1171,22,2,4,4,0,3,0,0
reroll-cost-2,spender,98,won,1851,17,2,7,4,3,4,0,0
reroll-cost-2,spender,99,won,1362,19,3,6,6,0,4,0,0
reroll-cost-2,spender,100,won,1691,24,3,7,6,1,3,0,0
eight-moves,greedy,1,lost,1473,21,0,2,0,2,3,0,0
eight-moves,greedy,2,lost,864,12,0,2,0,2,3,0,0
eight-moves,greedy,3,lost,1295,17,0,2,0,2,4,0,0
eight-moves,greedy,4,lost,618,15,0,2,0,2,3,0,0
eight-moves,greedy,5,lost,179,8,0,0,0,0,2,0,0
eight-moves,greedy,6,lost,664,16,0,2,0,2,3,0,0
eight-moves,greedy,7,lost,1326,17,0,4,0,4,4,0,0
eight-moves,greedy,8,lost,170,8,0,2,0,2,1,0,0
eight-moves,greedy,9,lost,1360,20,0,5,0,5,4,0,0
eight-moves,greedy,10,won,1921,15,0,1,0,1,5,0,0
eight-moves,greedy,11,lost,1253,15,0,7,0,7,7,0,0
eight-moves,greedy,12,lost,729,12,0,3,0,3,3,0,0
eight-moves,greedy,13,lost,828,11,0,8,0,8,4,0,0
eight-moves,greedy,14,lost,1081,21,0,5,0,5,4,0,0
eight-moves,greedy,15,won,1601,22,0,5,0,5,3,0,0
eight-moves,greedy,16,lost,709,13,0,1,0,1,3,0,0
eight-moves,greedy,17,lost,729,11,0,2,0,2,3,0,0
eight-moves,greedy,18,won,1477,16,0,4,0,4,4,0,0
eight-moves,greedy,19,lost,1251,14,0,2,0,2,7,0,0
eight-moves,greedy,20,lost,589,10,0,2,0,2,2,0,0
eight-moves,greedy,21,lost,1293,18,0,1,0,1,5,0,0
eight-moves,greedy,22,lost,177,8,0,0,0,0,3,0,0
eight-moves,greedy,23,lost,1039,17,0,1,0,1,4,0,0
eight-moves,greedy,24,won,1613,23,0,4,0,4,5,1,0
eight-moves,greedy,25,lost,249,8,0,3,0,3,2,0,0
eight-moves,greedy,26,lost,1361,12,0,5,0,5,5,0,0
eight-moves,greedy,27,lost,916,15,0,1,0,1,4,0,0
eight-moves,greedy,28,lost,217,8,0,1,0,1,2,0,0
eight-moves,greedy,29,lost,570,12,0,4,0,4,3,1,0
eight-moves,greedy,30,lost,649,13,0,2,0,2,3,0,0
eight-moves,greedy,31,lost,1608,17,0,1,0,1,5,0,0
eight-moves,greedy,32,lost,613,14,0,1,0,1,4,0,0
eight-moves,greedy,33,lost,1375,23,0,7,0,7,4,0,0
eight-moves,greedy,34,won,1669,19,0,3,0,3,5,0,0
eight-moves,greedy,35,lost,600,10,0,1,0,1,2,0,0
eight-moves,greedy,36,lost,850,9,0,2,0,2,5,0,0
eight-moves,greedy,37,lost,671,15,0,1,0,1,2,0,0
eight-moves,greedy,38,lost,1159,16,0,4,0,4,4,1,0
eight-moves,greedy,39,won,1359,20,0,5,0,5,5,0,0
eight-moves,greedy,40,lost,1052,22,0,3,0,3,3,0,0
eight-moves,greedy,41,won,1467,22,0,4,0,4,4,0,0
eight-moves,greedy,42,lost,201,8,0,1,0,1,2,0,0
eight-moves,greedy,43,lost,918,20,0,1,0,1,4,0,0
eight-moves,greedy,44,won,1686,16,0,4,0,4,6,0,0
eight-moves,greedy,45,lost,205,8,0,2,0,2,2,0,0
eight-moves,greedy,46,lost,1073,18,0,7,0,7,4,0,0
eight-moves,greedy,47,lost,1061,14,0,5,0,5,4,0,0
eight-moves,greedy,48,lost,1218,12,0,2,0,2,8,0,0
eight-moves,greedy,49,lost,208,8,0,0,0,0,2,0,0
eight-moves,greedy,50,lost,837,18,0,4,0,4,3,0,0
eight-moves,greedy,51,lost,1248,14,0,3,0,3,5,0,0
eight-moves,greedy,52,lost,564,13,0,2,0,2,3,0,0
eight-moves,greedy,53,lost,171,8,0,0,0,0,2,0,0
eight-moves,greedy,54,lost,233,8,0,0,0,0,4,0,0
eight-moves,greedy,55,won,1619,15,0,2,0,2,4,0,0
eight-moves,greedy,56,lost,244,8,0,1,0,1,2,0,0
eight-moves,greedy,57,lost,243,8,0,2,0,2,2,0,0
eight-moves,greedy,58,lost,1155,15,0,3,0,3,4,0,0
eight-moves,greedy,59,lost,1105,18,0,3,0,3,5,0,0
eight-moves,greedy,60,lost,163,8,0,2,0,2,2,0,0
eight-moves,greedy,61,lost,243,8,0,0,0,0,2,0,0
eight-moves,greedy,62,lost,1042,18,0,4,0,4,3,0,0
eight-moves,greedy,63,won,1460,11,0,4,0,4,4,0,0
eight-moves,greedy,64,lost,731,15,0,3,0,3,6,0,0
eight-moves,greedy,65,lost,1114,17,0,2,0,2,3,0,0
eight-moves,greedy,66,lost,224,8,0,0,0,0,2,0,0
eight-moves,greedy,67,lost,868,12,0,4,0,4,4,0,0
eight-moves,greedy,68,lost,1170,20,0,4,0,4,4,0,0
eight-moves,greedy,69,won,1749,12,0,5,0,5,5,0,0
eight-moves,greedy,70,lost,1255,14,0,2,0,2,4,0,0
eight-moves,greedy,71,lost,231,8,0,1,0,1,2,0,0
eight-moves,greedy,72,lost,1258,18,0,8,0,8,3,0,0
eight-moves,greedy,73,lost,204,8,0,1,0,1,2,0,0
eight-moves,greedy,74,won,1514,13,0,5,0,5,5,0,0
eight-moves,greedy,75,lost,635,14,0,3,0,3,3,0,0
eight-moves,greedy,76,lost,726,12,0,4,0,4,3,0,0
eight-moves,greedy,77,lost,1427,17,0,5,0,5,3,0,0
eight-moves,greedy,78,lost,1166,18,0,2,0,2,3,0,0
eight-moves,greedy,79,lost,1095,16,0,6,0,6,2,0,0
eight-moves,greedy,80,lost,1232,24,0,6,0,6,3,0,0
eight-moves,greedy,81,lost,616,14,0,5,0,5,2,0,0
eight-moves,greedy,82,lost,751,15,0,6,0,6,4,1,0
eight-moves,greedy,83,lost,1201,21,0,1,0,1,6,0,0
eight-moves,greedy,84,lost,258,8,0,0,0,0,2,0,0
eight-moves,greedy,85,lost,660,16,0,2,0,2,3,0,0
eight-moves,greedy,86,lost,1630,24,0,4,0,4,4,0,0
eight-moves,greedy,87,lost,1451,15,0,2,0,2,3,1,0
eight-moves,greedy,88,lost,1175,22,0,2,0,2,3,0,0
eight-moves,greedy,89,lost,457,11,0,0,0,0,4,0,0
eight-moves,greedy,90,lost,629,13,0,2,0,2,3,0,0
eight-moves,greedy,91,lost,222,8,0,2,0,2,2,0,0
eight-moves,greedy,92,lost,849,12,0,2,0,2,3,0,0
eight-moves,greedy,93,lost,1166,19,0,3,0,3,4,0,0
eight-moves,greedy,94,lost,423,12,0,0,0,0,2,0,0
eight-moves,greedy,95,lost,1632,15,0,3,0,3,4,0,0
eight-moves,greedy,96,won,1529,10,0,2,0,2,5,0,0
eight-moves,greedy,97,lost,1179,20,0,3,0,3,3,0,0
eight-moves,greedy,98,lost,1230,18,0,5,0,5,4,1,0
eight-moves,greedy,99,lost,462,13,0,3,0,3,3,0,0
eight-moves,greedy,100,lost,569,14,0,2,0,2,3,0,0
eight-moves,spender,1,lost,1473,21,0,2,0,2,3,0,0
eight-moves,spender,2,lost,864,12,0,2,0,2,3,0,0
eight-moves,spender,3,lost,1295,17,0,2,0,2,4,0,0
eight-moves,spender,4,lost,618,15,0,2,0,2,3,0,0
eight-moves,spender,5,lost,179,8,0,0,0,0,2,0,0
eight-moves,spender,6,lost,664,16,0,2,0,2,3,0,0
eight-moves,spender,7,won,1403,17,2,6,6,0,4,0,0
eight-moves,spender,8,lost,170,8,0,2,0,2,1,0,0
eight-moves,spender,9,lost,1067,20,1,3,3,0,3,0,0
eight-moves,spender,10,won,1921,15,0,1,0,1,5,0,0
eight-moves,spender,11,lost,1300,15,2,8,6,2,7,1,0
eight-moves,spender,12,lost,633,12,1,4,3,1,3,0,0
eight-moves,spender,13,lost,791,11,1,3,3,0,4,0,0
eight-moves,spender,14,lost,1317,15,2,7,6,1,4,0,0
eight-moves,spender,15,lost,1221,21,1,5,3,2,3,0,0
eight-moves,spender,16,lost,709,13,0,1,0,1,3,0,0
eight-moves,spender,17,lost,729,11,0,2,0,2,3,0,0
eight-moves,spender,18,won,1394,15,1,5,3,2,4,0,0
eight-moves,spender,19,lost,1251,14,0,2,0,2,7,0,0
eight-moves,spender,20,lost,589,10,0,2,0,2,2,0,0
eight-moves,spender,21,lost,1293,18,0,1,0,1,5,0,0
eight-moves,spender,22,lost,177,8,0,0,0,0,3,0,0
eight-moves,spender,23,lost,1039,17,0,1,0,1,4,0,0
eight-moves,spender,24,lost,1220,23,2,6,6,0,3,1,0
eight-moves,spender,25,lost,249,8,0,3,0,3,2,0,0
eight-moves,spender,26,won,1379,11,1,3,3,0,3,0,0
eight-moves,spender,27,lost,916,15,0,1,0,1,4,0,0
eight-moves,spender,28,lost,217,8,0,1,0,1,2,0,0
eight-moves,spender,29,lost,546,12,1,4,3,1,3,1,0
eight-moves,spender,30,lost,649,13,0,2,0,2,3,0,0
eight-moves,spender,31,lost,1608,17,0,1,0,1,5,0,0
eight-moves,spender,32,lost,613,14,0,1,0,1,4,0,0
eight-moves,spender,33,won,1741,20,2,6,6,0,4,0,0
eight-moves,spender,34,lost,1641,20,1,5,3,2,5,0,0
eight-moves,spender,35,lost,600,10,0,1,0,1,2,0,0
eight-moves,spender,36,lost,850,9,0,2,0,2,5,0,0
eight-moves,spender,37,lost,671,15,0,1,0,1,2,0,0
eight-moves,spender,38,won,1526,16,1,5,3,2,4,0,0
eight-moves,spender,39,won,1769,20,2,6,6,0,4,0,0
eight-moves,spender,40,won,1390,20,1,3,3,0,5,0,0
eight-moves,spender,41,lost,1037,22,1,3,3,0,4,0,0
eight-moves,spender,42,lost,201,8,0,1,0,1,2,0,0
eight-moves,spender,43,lost,918,20,0,1,0,1,4,0,0
eight-moves,spender,44,lost,1111,18,1,3,3,0,4,0,0
eight-moves,spender,45,lost,205,8,0,2,0,2,2,0,0
eight-moves,spender,46,won,1415,13,1,5,3,2,5,0,0
eight-moves,spender,47,won,1562,10,1,4,3,1,5,0,0
eight-moves,spender,48,lost,1218,12,0,2,0,2,8,0,0
eight-moves,spender,49,lost,208,8,0,0,0,0,2,0,0
eight-moves,spender,50,lost,1378,16,1,4,3,1,4,0,0
eight-moves,spender,51,lost,1248,14,0,3,0,3,5,0,0
eight-moves,spender,52,lost,564,13,0,2,0,2,3,0,0
eight-moves,spender,53,lost,171,8,0,0,0,0,2,0,0
eight-moves,spender,54,lost,233,8,0,0,0,0,4,0,0
eight-moves,spender,55,won,1619,15,0,2,0,2,4,0,0
eight-moves,spender,56,lost,244,8,0,1,0,1,2,0,0
eight-moves,spender,57,lost,243,8,0,2,0,2,2,0,0
eight-moves,spender,58,lost,1155,15,0,3,0,3,4,0,0
eight-moves,spender,59,lost,1022,18,1,3,3,0,5,0,0
eight-moves,spender,60,lost,163,8,0,2,0,2,2,0,0
eight-moves,spender,61,lost,243,8,0,0,0,0,2,0,0
eight-moves,spender,62,won,1544,14,1,6,3,3,5,0,0
eight-moves,spender,63,won,1495,10,1,3,3,0,5,0,0
eight-moves,spender,64,lost,808,15,1,3,3,0,6,0,0
eight-moves,spender,65,lost,1114,17,0,2,0,2,3,0,0
eight-moves,spender,66,lost,224,8,0,0,0,0,2,0,0
eight-moves,spender,67,lost,805,12,1,5,3,2,4,0,0
eight-moves,spender,68,won,1350,15,1,4,3,1,4,0,0
eight-moves,spender,69,lost,1383,18,1,3,3,0,4,0,0
eight-moves,spender,70,lost,1255,14,0,2,0,2,4,0,0
eight-moves,spender,71,lost,231,8,0,1,0,1,2,0,0
eight-moves,spender,72,lost,1076,19,1,5,3,2,2,0,0
eight-moves,spender,73,lost,204,8,0,1,0,1,2,0,0
eight-moves,spender,74,lost,1377,13,1,5,3,2,5,0,0
eight-moves,spender,75,lost,635,14,0,3,0,3,3,0,0
eight-moves,spender,76,lost,1236,20,1,5,3,2,4,0,0
eight-moves,spender,77,lost,1292,17,1,4,3,1,3,0,0
eight-moves,spender,78,lost,1166,18,0,2,0,2,3,0,0
eight-moves,spender,79,lost,1086,15,1,3,3,0,3,0,0
eight-moves,spender,80,lost,1256,23,1,5,3,2,3,0,0
eight-moves,spender,81,lost,646,15,1,3,3,0,3,0,0
eight-moves,spender,82,won,1759,21,2,9,6,3,4,1,0
eight-moves,spender,83,lost,1201,21,0,1,0,1,6,0,0
eight-moves,spender,84,lost,258,8,0,0,0,0,2,0,0
eight-moves,spender,85,lost,660,16,0,2,0,2,3,0,0
eight-moves,spender,86,won,1838,22,1,3,3,0,7,0,0
eight-moves,spender,87,lost,1451,15,0,2,0,2,3,1,0
eight-moves,spender,88,lost,1175,22,0,2,0,2,3,0,0
eight-moves,spender,89,lost,457,11,0,0,0,0,4,0,0
eight-moves,spender,90,lost,629,13,0,2,0,2,3,0,0
eight-moves,spender,91,lost,222,8,0,2,0,2,2,0,0
eight-moves,spender,92,lost,849,12,0,2,0,2,3,0,0
eight-moves,spender,93,lost,1166,19,0,3,0,3,4,0,0
eight-moves,spender,94,lost,423,12,0,0,0,0,2,0,0
eight-moves,spender,95,lost,1759,15,1,4,3,1,4,0,0
eight-moves,spender,96,won,1529,10,0,2,0,2,5,0,0
eight-moves,spender,97,won,1426,20,1,4,3,1,4,0,0
eight-moves,spender,98,lost,1435,18,2,8,6,2,4,1,0
eight-moves,spender,99,lost,590,13,1,4,3,1,3,0,0
eight-moves,spender,100,lost,569,14,0,2,0,2,3,0,0
twelve-moves,greedy,1,won,1741,24,0,2,0,2,3,0,0
twelve-moves,greedy,2,lost,1502,27,0,3,0,3,3,1,0
twelve-moves,greedy,3,lost,1400,21,0,2,0,2,4,0,0
twelve-moves,greedy,4,lost,1455,28,0,5,0,5,4,0,0
twelve-moves,greedy,5,lost,1494,26,0,2,0,2,3,0,0
twelve-moves,greedy,6,won,1378,28,0,6,0,6,4,0,0
twelve-moves,greedy,7,won,1350,19,0,4,0,4,4,0,0
twelve-moves,greedy,8,lost,1402,27,0,5,0,5,5,1,0
twelve-moves,greedy,9,won,1506,23,0,5,0,5,4,0,0
twelve-moves,greedy,10,won,1921,15,0,1,0,1,5,0,0
twelve-moves,greedy,11,lost,1817,30,0,9,0,9,7,0,0
twelve-moves,greedy,12,won,1557,26,0,7,0,7,3,0,0
twelve-moves,greedy,13,won,1574,23,0,9,0,9,4,0,0
twelve-moves,greedy,14,lost,1340,25,0,7,0,7,4,0,0
twelve-moves,greedy,15,won,1601,22,0,5,0,5,3,0,0
twelve-moves,greedy,16,won,1488,17,0,4,0,4,3,0,0
twelve-moves,greedy,17,won,1562,16,0,5,0,5,3,0,0
twelve-moves,greedy,18,won,1477,16,0,4,0,4,4,0,0
twelve-moves,greedy,19,lost,1899,30,0,3,0,3,7,0,0
twelve-moves,greedy,20,won,1844,23,0,7,0,7,7,0,0
twelve-moves,greedy,21,lost,1557,22,0,3,0,3,5,0,0
twelve-moves,greedy,22,lost,258,12,0,0,0,0,3,0,0
twelve-moves,greedy,23,lost,1193,21,0,2,0,2,4,0,0
twelve-moves,greedy,24,won,1613,23,0,4,0,4,5,1,0
twelve-moves,greedy,25,won,1549,28,0,5,0,5,3,0,0
twelve-moves,greedy,26,lost,1418,16,0,5,0,5,5,0,0
twelve-moves,greedy,27,won,1600,21,0,6,0,6,5,0,0
twelve-moves,greedy,28,won,1386,26,0,4,0,4,4,0,0
twelve-moves,greedy,29,lost,661,16,0,5,0,5,3,1,0
twelve-moves,greedy,30,won,1406,24,0,4,0,4,4,0,0
twelve-moves,greedy,31,won,1999,21,0,2,0,2,6,0,0
twelve-moves,greedy,32,won,1630,20,0,2,0,2,6,0,0
twelve-moves,greedy,33,lost,1634,27,0,7,0,7,4,0,0
twelve-moves,greedy,34,won,1669,19,0,3,0,3,5,0,0
twelve-moves,greedy,35,lost,1154,26,0,2,0,2,3,0,0
twelve-moves,greedy,36,lost,1314,22,0,4,0,4,5,0,0
twelve-moves,greedy,37,won,1356,24,0,3,0,3,4,0,0
twelve-moves,greedy,38,lost,1365,20,0,4,0,4,4,1,0
twelve-moves,greedy,39,won,1359,20,0,5,0,5,5,0,0
twelve-moves,greedy,40,lost,1252,26,0,3,0,3,3,0,0
twelve-moves,greedy,41,won,1467,22,0,4,0,4,4,0,0
twelve-moves,greedy,42,lost,1248,27,0,7,0,7,3,0,0
twelve-moves,greedy,43,lost,1030,24,0,3,0,3,4,0,0
twelve-moves,greedy,44,won,1686,16,0,4,0,4,6,0,0
twelve-moves,greedy,45,won,1589,29,0,10,0,10,4,1,0
twelve-moves,greedy,46,lost,1130,22,0,7,0,7,4,0,0
twelve-moves,greedy,47,lost,1208,18,0,7,0,7,4,0,0
twelve-moves,greedy,48,lost,1846,27,0,4,0,4,8,0,0
twelve-moves,greedy,49,won,1488,30,0,4,0,4,4,0,0
twelve-moves,greedy,50,lost,1053,22,0,5,0,5,3,0,0
twelve-moves,greedy,51,won,1744,18,0,4,0,4,5,0,0
twelve-moves,greedy,52,lost,672,17,0,3,0,3,3,0,0
twelve-moves,greedy,53,lost,1267,29,0,2,0,2,3,0,0
twelve-moves,greedy,54,won,1356,23,0,8,0,8,4,0,0
twelve-moves,greedy,55,won,1619,15,0,2,0,2,4,0,0
twelve-moves,greedy,56,won,1467,19,0,8,0,8,4,0,0
twelve-moves,greedy,57,lost,1224,30,0,8,0,8,3,0,0
twelve-moves,greedy,58,won,1881,20,0,4,0,4,4,0,0
twelve-moves,greedy,59,lost,1255,22,0,3,0,3,5,0,0
twelve-moves,greedy,60,won,1692,31,0,6,0,6,4,0,0
twelve-moves,greedy,61,lost,1065,30,0,4,0,4,2,0,0
twelve-moves,greedy,62,lost,1274,22,0,5,0,5,3,0,0
twelve-moves,greedy,63,won,1460,11,0,4,0,4,4,0,0
twelve-moves,greedy,64,lost,947,19,0,4,0,4,6,0,0
twelve-moves,greedy,65,lost,1177,21,0,2,0,2,3,0,0
twelve-moves,greedy,66,won,1495,22,0,4,0,4,4,0,0
twelve-moves,greedy,67,won,2106,23,0,10,0,10,6,0,0
twelve-moves,greedy,68,won,1388,24,0,4,0,4,4,0,0
twelve-moves,greedy,69,won,1749,12,0,5,0,5,5,0,0
twelve-moves,greedy,70,won,1402,17,0,2,0,2,4,0,0
twelve-moves,greedy,71,won,1540,14,0,2,0,2,6,0,0
twelve-moves,greedy,72,won,1350,20,0,8,0,8,3,0,0
twelve-moves,greedy,73,lost,531,23,0,3,0,3,2,0,0
twelve-moves,greedy,74,won,1514,13,0,5,0,5,5,0,0
twelve-moves,greedy,75,won,1332,23,0,5,0,5,3,0,0
twelve-moves,greedy,76,lost,1212,27,0,5,0,5,3,0,0
twelve-moves,greedy,77,won,1687,19,0,5,0,5,4,0,0
twelve-moves,greedy,78,lost,1371,22,0,3,0,3,3,0,0
twelve-moves,greedy,79,lost,1286,20,0,7,0,7,2,0,0
twelve-moves,greedy,80,lost,1356,28,0,7,0,7,3,0,0
twelve-moves,greedy,81,lost,1335,27,0,8,0,8,3,0,0
twelve-moves,greedy,82,won,1579,29,0,8,0,8,4,1,0
twelve-moves,greedy,83,lost,1296,25,0,1,0,1,6,0,0
twelve-moves,greedy,84,lost,1435,31,0,4,0,4,4,0,0
twelve-moves,greedy,85,won,1570,30,0,3,0,3,4,0,0
twelve-moves,greedy,86,won,1670,25,0,4,0,4,4,0,0
twelve-moves,greedy,87,won,1622,19,0,2,0,2,3,2,0
twelve-moves,greedy,88,lost,1226,26,0,2,0,2,3,0,0
twelve-moves,greedy,89,lost,635,15,0,1,0,1,4,0,0
twelve-moves,greedy,90,lost,704,17,0,2,0,2,3,0,0
twelve-moves,greedy,91,won,1460,24,0,7,0,7,6,1,0
twelve-moves,greedy,92,won,1531,26,0,5,0,5,4,0,0
twelve-moves,greedy,93,lost,1220,23,0,3,0,3,4,1,0
twelve-moves,greedy,94,won,1523,23,0,3,0,3,5,0,0
twelve-moves,greedy,95,lost,1688,19,0,3,0,3,4,0,0
twelve-moves,greedy,96,won,1529,10,0,2,0,2,5,0,0
twelve-moves,greedy,97,won,1442,23,0,3,0,3,3,1,0
twelve-moves,greedy,98,lost,1617,22,0,8,0,8,4,1,0
twelve-moves,greedy,99,won,1347,26,0,4,0,4,3,1,0
twelve-moves,greedy,100,lost,728,18,0,2,0,2,3,0,0
twelve-moves,spender,1,won,1741,24,0,2,0,2,3,0,0
twelve-moves,spender,2,lost,1476,27,1,3,3,0,3,1,0
twelve-moves,spender,3,lost,1400,21,0,2,0,2,4,0,0
twelve-moves,spender,4,won,1520,28,1,4,3,1,4,0,0
twelve-moves,spender,5,lost,1494,26,0,2,0,2,3,0,0
twelve-moves,spender,6,lost,1101,31,1,4,3,1,3,0,0
twelve-moves,spender,7,won,1403,17,2,6,6,0,4,0,0
twelve-moves,spender,8,lost,617,21,1,3,3,0,4,1,0
twelve-moves,spender,9,lost,1181,24,1,4,3,1,3,0,0
twelve-moves,spender,10,won,1921,15,0,1,0,1,5,0,0
twelve-moves,spender,11,won,2037,26,3,11,9,2,7,1,0
twelve-moves,spender,12,lost,1276,28,1,4,3,1,4,0,0
twelve-moves,spender,13,won,1588,21,1,6,3,3,4,0,0
twelve-moves,spender,14,won,1371,17,2,7,6,1,4,1,0
twelve-moves,spender,15,won,1354,24,1,5,3,2,3,0,0
twelve-moves,spender,16,won,1488,17,0,4,0,4,3,0,0
twelve-moves,spender,17,won,1525,20,2,6,6,0,3,0,0
twelve-moves,spender,18,won,1394,15,1,5,3,2,4,0,0
twelve-moves,spender,19,lost,1891,30,1,5,3,2,7,0,0
twelve-moves,spender,20,won,1840,20,1,7,3,4,4,0,0
twelve-moves,spender,21,won,1767,21,1,3,3,0,5,0,0
twelve-moves,spender,22,lost,258,12,0,0,0,0,3,0,0
twelve-moves,spender,23,lost,1193,21,0,2,0,2,4,0,0
twelve-moves,spender,24,lost,1307,27,2,6,6,0,3,1,0
twelve-moves,spender,25,lost,1273,27,1,5,3,2,4,0,0
twelve-moves,spender,26,won,1379,11,1,3,3,0,3,0,0
twelve-moves,spender,27,won,1676,30,2,8,6,2,4,0,0
twelve-moves,spender,28,won,1343,19,1,4,3,1,4,0,0
twelve-moves,spender,29,lost,1335,26,4,12,12,0,4,1,0
twelve-moves,spender,30,won,1418,24,1,4,3,1,3,1,0
twelve-moves,spender,31,won,1999,21,0,2,0,2,6,0,0
twelve-moves,spender,32,won,1630,20,0,2,0,2,6,0,0
twelve-moves,spender,33,won,1741,20,2,6,6,0,4,0,0
twelve-moves,spender,34,won,1794,21,1,5,3,2,5,0,0
twelve-moves,spender,35,lost,1154,26,0,2,0,2,3,0,0
twelve-moves,spender,36,won,1575,21,1,7,3,4,5,0,0
twelve-moves,spender,37,won,1342,23,1,3,3,0,4,0,0
twelve-moves,spender,38,won,1526,16,1,5,3,2,4,0,0
twelve-moves,spender,39,won,1769,20,2,6,6,0,4,0,0
twelve-moves,spender,40,won,1390,20,1,3,3,0,5,0,0
twelve-moves,spender,41,lost,1350,26,1,4,3,1,6,0,0
twelve-moves,spender,42,won,1503,28,2,6,6,0,3,0,0
twelve-moves,spender,43,lost,1030,24,0,3,0,3,4,0,0
twelve-moves,spender,44,lost,1289,22,1,4,3,1,4,0,0
twelve-moves,spender,45,lost,798,21,1,3,3,0,3,0,0
twelve-moves,spender,46,won,1415,13,1,5,3,2,5,0,0
twelve-moves,spender,47,won,1562,10,1,4,3,1,5,0,0
twelve-moves,spender,48,lost,1822,27,1,4,3,1,8,0,0
twelve-moves,spender,49,won,1500,28,1,4,3,1,4,0,0
twelve-moves,spender,50,won,1566,20,2,6,6,0,4,0,0
twelve-moves,spender,51,lost,1415,18,1,3,3,0,5,0,0
twelve-moves,spender,52,won,1501,24,1,4,3,1,3,0,0
twelve-moves,spender,53,lost,1267,29,0,2,0,2,3,0,0
twelve-moves,spender,54,won,1492,19,2,7,6,1,6,1,0
twelve-moves,spender,55,won,1619,15,0,2,0,2,4,0,0
twelve-moves,spender,56,lost,1147,23,2,7,6,1,4,0,0
twelve-moves,spender,57,won,1560,27,3,11,9,2,4,0,0
twelve-moves,spender,58,won,1959,25,1,6,3,3,4,0,0
twelve-moves,spender,59,lost,1115,22,1,3,3,0,5,0,0
twelve-moves,spender,60,won,1400,24,2,6,6,0,6,0,0
twelve-moves,spender,61,lost,1302,30,1,3,3,0,3,0,0
twelve-moves,spender,62,won,1544,14,1,6,3,3,5,0,0
twelve-moves,spender,63,won,1495,10,1,3,3,0,5,0,0
twelve-moves,spender,64,lost,892,19,1,3,3,0,6,0,0
twelve-moves,spender,65,lost,1177,21,0,2,0,2,3,0,0
twelve-moves,spender,66,won,1505,21,1,3,3,0,4,0,0
twelve-moves,spender,67,lost,1483,26,2,7,6,1,4,1,0
twelve-moves,spender,68,won,1350,15,1,4,3,1,4,0,0
twelve-moves,spender,69,lost,1546,22,1,5,3,2,4,0,0
twelve-moves,spender,70,won,1402,17,0,2,0,2,4,0,0
twelve-moves,spender,71,won,1540,14,0,2,0,2,6,0,0
twelve-moves,spender,72,lost,1285,23,1,5,3,2,2,1,0
twelve-moves,spender,73,lost,1087,30,1,4,3,1,3,0,0
twelve-moves,spender,74,won,1431,17,1,5,3,2,5,0,0
twelve-moves,spender,75,won,1406,24,1,6,3,3,3,0,0
twelve-moves,spender,76,won,1495,23,1,5,3,2,4,1,0
twelve-moves,spender,77,lost,1421,21,1,4,3,1,3,0,0
twelve-moves,spender,78,lost,1444,22,1,3,3,0,3,0,0
twelve-moves,spender,79,lost,1158,19,1,4,3,1,3,0,0
twelve-moves,spender,80,won,1323,26,2,6,6,0,3,0,0
twelve-moves,spender,81,lost,712,19,1,4,3,1,3,0,0
twelve-moves,spender,82,won,1759,21,2,9,6,3,4,1,0
twelve-moves,spender,83,lost,1296,25,0,1,0,1,6,0,0
twelve-moves,spender,84,lost,1487,31,1,4,3,1,3,0,0
twelve-moves,spender,85,won,1643,30,1,3,3,0,4,0,0
twelve-moves,spender,86,won,1838,22,1,3,3,0,7,0,0
twelve-moves,spender,87,won,1622,19,0,2,0,2,3,2,0
twelve-moves,spender,88,lost,1226,26,0,2,0,2,3,0,0
twelve-moves,spender,89,lost,635,15,0,1,0,1,4,0,0
twelve-moves,spender,90,lost,704,17,0,2,0,2,3,0,0
twelve-moves,spender,91,won,1398,33,3,10,9,1,3,1,0
twelve-moves,spender,92,won,1525,26,1,6,3,3,3,0,0
twelve-moves,spender,93,lost,1370,23,1,3,3,0,4,0,0
twelve-moves,spender,94,won,1523,23,0,3,0,3,5,0,0
twelve-moves,spender,95,won,2289,17,1,5,3,2,4,0,0
twelve-moves,spender,96,won,1529,10,0,2,0,2,5,0,0
twelve-moves,spender,97,won,1426,20,1,4,3,1,4,0,0
twelve-moves,spender,98,lost,1546,22,2,9,6,3,4,1,0
twelve-moves,spender,99,lost,1358,28,2,6,6,0,3,0,0
twelve-moves,spender,100,lost,728,18,0,2,0,2,3,0,0
targets-minus-20,greedy,1,won,1485,22,0,2,0,2,3,0,0
targets-minus-20,greedy,2,won,1646,19,0,7,0,7,6,0,0
targets-minus-20,greedy,3,won,1295,17,0,2,0,2,4,0,0
targets-minus-20,greedy,4,won,1292,14,0,2,0,2,5,0,0
targets-minus-20,greedy,5,lost,984,20,0,2,0,2,6,0,0
targets-minus-20,greedy,6,won,1215,26,0,4,0,4,3,0,0
targets-minus-20,greedy,7,won,1090,11,0,1,0,1,5,0,0
targets-minus-20,greedy,8,won,1302,20,0,6,0,6,5,0,0
targets-minus-20,greedy,9,lost,967,19,0,1,0,1,3,0,0
targets-minus-20,greedy,10,won,1220,22,0,3,0,3,3,0,0
targets-minus-20,greedy,11,won,2048,26,0,8,0,8,7,0,0
targets-minus-20,greedy,12,won,1251,16,0,6,0,6,5,0,0
targets-minus-20,greedy,13,won,1310,19,0,9,0,9,4,0,0
targets-minus-20,greedy,14,won,1310,23,0,6,0,6,4,0,0
targets-minus-20,greedy,15,lost,991,23,0,12,0,12,4,1,0
targets-minus-20,greedy,16,won,1235,19,0,3,0,3,3,0,0
targets-minus-20,greedy,17,lost,1056,20,0,5,0,5,4,0,0
targets-minus-20,greedy,18,won,1283,14,0,3,0,3,4,0,0
targets-minus-20,greedy,19,lost,901,25,0,3,0,3,2,0,0
targets-minus-20,greedy,20,won,1131,18,0,3,0,3,3,0,0
targets-minus-20,greedy,21,lost,1326,20,0,1,0,1,5,0,0
targets-minus-20,greedy,22,won,1158,24,0,4,0,4,3,0,0
targets-minus-20,greedy,23,won,1116,12,0,2,0,2,5,0,0
targets-minus-20,greedy,24,lost,933,20,0,4,0,4,3,1,0
targets-minus-20,greedy,25,lost,961,26,0,4,0,4,3,0,0
targets-minus-20,greedy,26,lost,1388,14,0,5,0,5,5,0,0
targets-minus-20,greedy,27,won,1314,20,0,3,0,3,5,0,0
targets-minus-20,greedy,28,lost,832,23,0,5,0,5,4,0,0
targets-minus-20,greedy,29,lost,997,23,0,5,0,5,3,2,0
targets-minus-20,greedy,30,won,1147,17,0,4,0,4,5,0,0
targets-minus-20,greedy,31,won,1499,20,0,3,0,3,4,1,0
targets-minus-20,greedy,32,won,1207,18,0,7,0,7,4,0,0
targets-minus-20,greedy,33,won,1220,11,0,5,0,5,4,0,0
targets-minus-20,greedy,34,won,1360,18,0,2,0,2,3,1,0
targets-minus-20,greedy,35,won,1174,18,0,2,0,2,3,0,0
targets-minus-20,greedy,36,won,1323,16,0,4,0,4,5,0,0
targets-minus-20,greedy,37,won,1202,15,0,3,0,3,4,0,0
targets-minus-20,greedy,38,won,1087,14,0,3,0,3,3,0,0
targets-minus-20,greedy,39,won,1140,22,0,6,0,6,4,0,0
targets-minus-20,greedy,40,won,1194,23,0,1,0,1,3,0,0
targets-minus-20,greedy,41,won,1380,21,0,5,0,5,3,0,0
targets-minus-20,greedy,42,won,1529,19,0,5,0,5,6,0,0
targets-minus-20,greedy,43,lost,984,22,0,2,0,2,4,0,0
targets-minus-20,greedy,44,won,1112,17,0,2,0,2,3,0,0
targets-minus-20,greedy,45,won,1804,26,0,8,0,8,5,0,0
targets-minus-20,greedy,46,won,1121,18,0,6,0,6,3,0,0
targets-minus-20,greedy,47,lost,1112,20,0,4,0,4,3,0,0
targets-minus-20,greedy,48,won,2536,13,0,6,0,6,8,0,0
targets-minus-20,greedy,49,won,1157,23,0,3,0,3,4,0,0
targets-minus-20,greedy,50,lost,1002,17,0,5,0,5,3,0,0
targets-minus-20,greedy,51,lost,1333,16,0,4,0,4,5,0,0
targets-minus-20,greedy,52,lost,624,15,0,3,0,3,3,0,0
targets-minus-20,greedy,53,won,1082,24,0,3,0,3,4,0,0
targets-minus-20,greedy,54,lost,1102,23,0,4,0,4,4,0,0
targets-minus-20,greedy,55,lost,1193,20,0,3,0,3,3,0,0
targets-minus-20,greedy,56,lost,972,23,0,5,0,5,4,0,0
targets-minus-20,greedy,57,won,1161,12,0,5,0,5,5,0,0
targets-minus-20,greedy,58,won,1665,25,0,4,0,4,4,0,0
targets-minus-20,greedy,59,lost,1171,20,0,3,0,3,5,0,0
targets-minus-20,greedy,60,won,1066,23,0,3,0,3,4,0,0
targets-minus-20,greedy,61,lost,1023,18,0,1,0,1,4,0,0
targets-minus-20,greedy,62,lost,1117,18,0,3,0,3,3,0,0
targets-minus-20,greedy,63,won,1253,15,0,4,0,4,3,0,0
targets-minus-20,greedy,64,lost,853,17,0,3,0,3,6,0,0
targets-minus-20,greedy,65,lost,1139,21,0,4,0,4,5,0,0
targets-minus-20,greedy,66,won,1292,18,0,4,0,4,3,0,0
targets-minus-20,greedy,67,lost,529,13,0,3,0,3,3,0,0
targets-minus-20,greedy,68,lost,1008,19,0,2,0,2,3,0,0
targets-minus-20,greedy,69,won,1315,12,0,3,0,3,5,0,0
targets-minus-20,greedy,70,won,1138,16,0,5,0,5,4,1,0
targets-minus-20,greedy,71,lost,877,27,0,1,0,1,2,0,0
targets-minus-20,greedy,72,won,1198,15,0,7,0,7,3,0,0
targets-minus-20,greedy,73,won,1102,26,0,2,0,2,3,1,0
targets-minus-20,greedy,74,lost,1121,15,0,4,0,4,5,0,0
targets-minus-20,greedy,75,lost,539,14,0,2,0,2,3,0,0
targets-minus-20,greedy,76,won,1441,16,0,4,0,4,4,0,0
targets-minus-20,greedy,77,won,1104,16,0,5,0,5,3,0,0
targets-minus-20,greedy,78,won,1203,11,0,3,0,3,4,1,0
targets-minus-20,greedy,79,won,1099,15,0,6,0,6,4,0,0
targets-minus-20,greedy,80,won,1167,19,0,7,0,7,3,0,0
targets-minus-20,greedy,81,won,1342,19,0,6,0,6,4,0,0
targets-minus-20,greedy,82,won,1155,16,0,5,0,5,5,1,0
targets-minus-20,greedy,83,won,1086,24,0,2,0,2,3,0,0
targets-minus-20,greedy,84,won,1145,19,0,4,0,4,5,0,0
targets-minus-20,greedy,85,lost,974,21,0,2,0,2,4,0,0
targets-minus-20,greedy,86,won,1521,20,0,3,0,3,7,0,0
targets-minus-20,greedy,87,won,1585,15,0,1,0,1,4,0,0
targets-minus-20,greedy,88,won,1165,16,0,2,0,2,4,0,0
targets-minus-20,greedy,89,lost,617,13,0,1,0,1,4,0,0
targets-minus-20,greedy,90,lost,662,15,0,2,0,2,3,0,0
targets-minus-20,greedy,91,won,1077,15,0,3,0,3,3,0,0
targets-minus-20,greedy,92,lost,881,19,0,1,0,1,2,0,0
targets-minus-20,greedy,93,lost,1190,21,0,3,0,3,4,1,0
targets-minus-20,greedy,94,lost,456,14,0,0,0,0,2,0,0
targets-minus-20,greedy,95,won,1218,15,0,3,0,3,3,0,0
targets-minus-20,greedy,96,lost,1340,14,0,5,0,5,8,1,0
targets-minus-20,greedy,97,lost,1382,17,0,2,0,2,4,0,0
targets-minus-20,greedy,98,lost,390,14,0,0,0,0,3,0,0
targets-minus-20,greedy,99,lost,518,15,0,3,0,3,3,1,0
targets-minus-20,greedy,100,lost,1026,18,0,3,0,3,4,0,0
targets-minus-20,spender,1,won,1485,22,0,2,0,2,3,0,0
targets-minus-20,spender,2,won,2014,15,1,4,3,1,6,0,0
targets-minus-20,spender,3,won,1295,17,0,2,0,2,4,0,0
targets-minus-20,spender,4,won,1292,14,0,2,0,2,5,0,0
targets-minus-20,spender,5,lost,984,20,0,2,0,2,6,0,0
targets-minus-20,spender,6,lost,1002,26,1,4,3,1,3,0,0
targets-minus-20,spender,7,won,1090,11,0,1,0,1,5,0,0
targets-minus-20,spender,8,won,2031,20,1,5,3,2,6,0,0
targets-minus-20,spender,9,lost,967,19,0,1,0,1,3,0,0
targets-minus-20,spender,10,won,1232,16,1,3,3,0,4,0,0
targets-minus-20,spender,11,lost,1741,25,3,10,9,1,7,1,0
targets-minus-20,spender,12,lost,961,15,1,5,3,2,4,0,0
targets-minus-20,spender,13,lost,1251,22,1,3,3,0,4,0,0
targets-minus-20,spender,14,won,1248,13,2,7,6,1,4,0,0
targets-minus-20,spender,15,won,1282,21,1,6,3,3,4,1,0
targets-minus-20,spender,16,won,1448,17,1,5,3,2,5,0,0
targets-minus-20,spender,17,won,1274,15,1,3,3,0,4,0,0
targets-minus-20,spender,18,won,1257,13,1,5,3,2,4,0,0
targets-minus-20,spender,19,lost,1056,25,1,3,3,0,2,0,0
targets-minus-20,spender,20,won,1126,17,1,3,3,0,3,0,0
targets-minus-20,spender,21,lost,1326,20,0,1,0,1,5,0,0
targets-minus-20,spender,22,won,1145,24,1,4,3,1,3,0,0
targets-minus-20,spender,23,won,1116,12,0,2,0,2,5,0,0
targets-minus-20,spender,24,won,1688,14,1,3,3,0,8,0,0
targets-minus-20,spender,25,lost,1328,26,2,7,6,1,4,0,0
targets-minus-20,spender,26,won,1253,7,1,3,3,0,3,0,0
targets-minus-20,spender,27,won,1314,20,0,3,0,3,5,0,0
targets-minus-20,spender,28,won,1212,21,1,4,3,1,4,0,0
targets-minus-20,spender,29,won,1121,18,3,9,9,0,4,1,0
targets-minus-20,spender,30,won,1147,17,0,4,0,4,5,0,0
targets-minus-20,spender,31,lost,1177,20,1,3,3,0,3,0,0
targets-minus-20,spender,32,lost,1034,19,2,6,6,0,3,0,0
targets-minus-20,spender,33,won,1338,11,1,4,3,1,4,0,0
targets-minus-20,spender,34,won,1360,18,0,2,0,2,3,1,0
targets-minus-20,spender,35,won,1174,18,0,2,0,2,3,0,0
targets-minus-20,spender,36,won,1403,15,1,4,3,1,5,0,0
targets-minus-20,spender,37,won,1202,15,0,3,0,3,4,0,0
targets-minus-20,spender,38,won,1087,14,0,3,0,3,3,0,0
targets-minus-20,spender,39,lost,497,16,1,3,3,0,3,0,0
targets-minus-20,spender,40,won,1194,23,0,1,0,1,3,0,0
targets-minus-20,spender,41,won,1329,17,1,6,3,3,5,0,0
targets-minus-20,spender,42,lost,1158,24,1,4,3,1,4,0,0
targets-minus-20,spender,43,lost,984,22,0,2,0,2,4,0,0
targets-minus-20,spender,44,won,1112,17,0,2,0,2,3,0,0
targets-minus-20,spender,45,lost,732,19,1,3,3,0,3,0,0
targets-minus-20,spender,46,won,1148,14,2,6,6,0,4,1,0
targets-minus-20,spender,47,won,1282,18,1,7,3,4,4,1,0
targets-minus-20,spender,48,won,2536,13,0,6,0,6,8,0,0
targets-minus-20,spender,49,lost,1027,25,1,3,3,0,4,0,0
targets-minus-20,spender,50,won,1892,15,1,3,3,0,6,0,0
targets-minus-20,spender,51,lost,1313,16,1,3,3,0,5,0,0
targets-minus-20,spender,52,lost,624,15,0,3,0,3,3,0,0
targets-minus-20,spender,53,won,1082,24,0,3,0,3,4,0,0
targets-minus-20,spender,54,won,1298,22,1,6,3,3,4,0,0
targets-minus-20,spender,55,lost,1193,20,0,3,0,3,3,0,0
targets-minus-20,spender,56,won,1186,17,1,4,3,1,3,0,0
targets-minus-20,spender,57,lost,1100,18,1,4,3,1,4,0,0
targets-minus-20,spender,58,lost,1533,25,1,5,3,2,4,0,0
targets-minus-20,spender,59,lost,1065,20,1,3,3,0,5,0,0
targets-minus-20,spender,60,won,1094,23,1,3,3,0,4,0,0
targets-minus-20,spender,61,lost,1023,18,0,1,0,1,4,0,0
targets-minus-20,spender,62,won,1472,17,1,4,3,1,8,0,0
targets-minus-20,spender,63,won,1220,9,1,5,3,2,3,0,0
targets-minus-20,spender,64,lost,862,17,1,3,3,0,6,0,0
targets-minus-20,spender,65,won,1259,18,1,3,3,0,5,0,0
targets-minus-20,spender,66,won,1324,19,1,5,3,2,3,0,0
targets-minus-20,spender,67,lost,529,13,0,3,0,3,3,0,0
targets-minus-20,spender,68,lost,1008,19,0,2,0,2,3,0,0
targets-minus-20,spender,69,won,1373,10,1,4,3,1,5,0,0
targets-minus-20,spender,70,lost,1120,17,2,6,6,0,4,0,0
targets-minus-20,spender,71,lost,877,27,0,1,0,1,2,0,0
targets-minus-20,spender,72,won,1315,19,2,8,6,2,4,0,0
targets-minus-20,spender,73,won,1102,26,0,2,0,2,3,1,0
targets-minus-20,spender,74,won,1336,15,1,4,3,1,5,0,0
targets-minus-20,spender,75,lost,539,14,0,2,0,2,3,0,0
targets-minus-20,spender,76,won,1391,22,1,5,3,2,4,1,0
targets-minus-20,spender,77,won,1104,19,1,5,3,2,3,0,0
targets-minus-20,spender,78,won,1203,11,0,3,0,3,4,1,0
targets-minus-20,spender,79,won,1189,15,2,6,6,0,4,0,0
targets-minus-20,spender,80,lost,801,21,1,5,3,2,2,0,0
targets-minus-20,spender,81,lost,1024,18,1,6,3,3,5,1,0
targets-minus-20,spender,82,won,1388,14,1,6,3,3,5,1,0
targets-minus-20,spender,83,won,1086,24,0,2,0,2,3,0,0
targets-minus-20,spender,84,lost,1064,19,1,5,3,2,3,0,0
targets-minus-20,spender,85,lost,974,21,0,2,0,2,4,0,0
targets-minus-20,spender,86,won,1521,20,0,3,0,3,7,0,0
targets-minus-20,spender,87,won,1585,15,0,1,0,1,4,0,0
targets-minus-20,spender,88,won,1165,16,0,2,0,2,4,0,0
targets-minus-20,spender,89,lost,617,13,0,1,0,1,4,0,0
targets-minus-20,spender,90,lost,662,15,0,2,0,2,3,0,0
targets-minus-20,spender,91,won,1069,21,1,4,3,1,3,0,0
targets-minus-20,spender,92,lost,881,19,0,1,0,1,2,0,0
targets-minus-20,spender,93,lost,1279,21,1,3,3,0,4,0,0
targets-minus-20,spender,94,lost,456,14,0,0,0,0,2,0,0
targets-minus-20,spender,95,lost,965,21,1,4,3,1,3,0,0
targets-minus-20,spender,96,lost,1349,14,1,5,3,2,8,1,0
targets-minus-20,spender,97,lost,1382,17,0,2,0,2,4,0,0
targets-minus-20,spender,98,lost,390,14,0,0,0,0,3,0,0
targets-minus-20,spender,99,lost,979,25,2,7,6,1,3,0,0
targets-minus-20,spender,100,lost,1026,18,0,3,0,3,4,0,0
targets-plus-20,greedy,1,lost,1756,24,0,2,0,2,6,0,0
targets-plus-20,greedy,2,lost,891,14,0,2,0,2,3,0,0
targets-plus-20,greedy,3,lost,1407,21,0,5,0,5,4,0,0
targets-plus-20,greedy,4,lost,620,19,0,2,0,2,3,0,0
targets-plus-20,greedy,5,lost,1467,24,0,2,0,2,3,0,0
targets-plus-20,greedy,6,lost,1473,29,0,7,0,7,3,0,0
targets-plus-20,greedy,7,won,1696,21,0,4,0,4,5,0,0
targets-plus-20,greedy,8,lost,1242,27,0,6,0,6,3,0,0
targets-plus-20,greedy,9,lost,1541,24,0,3,0,3,4,0,0
targets-plus-20,greedy,10,won,1616,23,0,4,0,4,4,0,0
targets-plus-20,greedy,11,lost,1280,17,0,7,0,7,7,0,0
targets-plus-20,greedy,12,lost,806,14,0,3,0,3,3,0,0
targets-plus-20,greedy,13,lost,861,13,0,8,0,8,4,0,0
targets-plus-20,greedy,14,lost,1582,22,0,6,0,6,6,0,0
targets-plus-20,greedy,15,lost,1318,22,0,3,0,3,5,0,0
targets-plus-20,greedy,16,lost,1554,24,0,2,0,2,4,0,0
targets-plus-20,greedy,17,won,1661,18,0,5,0,5,3,0,0
targets-plus-20,greedy,18,lost,1679,20,0,4,0,4,4,0,0
targets-plus-20,greedy,19,lost,1343,16,0,2,0,2,7,0,0
targets-plus-20,greedy,20,lost,1471,22,0,2,0,2,3,0,0
targets-plus-20,greedy,21,lost,1326,20,0,1,0,1,5,0,0
targets-plus-20,greedy,22,lost,209,10,0,0,0,0,3,0,0
targets-plus-20,greedy,23,lost,1522,21,0,0,0,0,4,0,0
targets-plus-20,greedy,24,lost,1697,22,0,5,0,5,6,1,0
targets-plus-20,greedy,25,lost,918,19,0,4,0,4,3,0,0
targets-plus-20,greedy,26,lost,2034,18,0,8,0,8,5,0,0
targets-plus-20,greedy,27,lost,946,17,0,2,0,2,4,0,0
targets-plus-20,greedy,28,lost,247,10,0,1,0,1,2,0,0
targets-plus-20,greedy,29,lost,663,18,0,4,0,4,3,1,0
targets-plus-20,greedy,30,lost,1531,23,0,4,0,4,4,0,0
targets-plus-20,greedy,31,lost,1146,25,0,4,0,4,3,0,0
targets-plus-20,greedy,32,lost,640,16,0,1,0,1,4,0,0
targets-plus-20,greedy,33,won,2831,22,0,6,0,6,10,0,0
targets-plus-20,greedy,34,won,1888,21,0,4,0,4,5,0,0
targets-plus-20,greedy,35,lost,729,13,0,2,0,2,3,0,0
targets-plus-20,greedy,36,lost,1386,21,0,4,0,4,5,0,0
targets-plus-20,greedy,37,lost,1525,27,0,6,0,6,4,0,0
targets-plus-20,greedy,38,won,2010,19,0,4,0,4,4,0,0
targets-plus-20,greedy,39,lost,784,19,0,6,0,6,3,0,0
targets-plus-20,greedy,40,lost,1385,26,0,3,0,3,4,0,0
targets-plus-20,greedy,41,lost,934,17,0,4,0,4,4,0,0
targets-plus-20,greedy,42,lost,270,10,0,1,0,1,2,0,0
targets-plus-20,greedy,43,lost,1080,27,0,3,0,3,4,0,0
targets-plus-20,greedy,44,won,1686,16,0,4,0,4,6,0,0
targets-plus-20,greedy,45,lost,816,19,0,6,0,6,3,0,0
targets-plus-20,greedy,46,won,1767,14,0,5,0,5,8,0,0
targets-plus-20,greedy,47,lost,1091,16,0,6,0,6,4,0,0
targets-plus-20,greedy,48,lost,1272,14,0,2,0,2,8,0,0
targets-plus-20,greedy,49,lost,256,10,0,0,0,0,2,0,0
targets-plus-20,greedy,50,lost,1589,19,0,5,0,5,3,0,0
targets-plus-20,greedy,51,lost,1432,23,0,6,0,6,4,0,0
targets-plus-20,greedy,52,lost,790,16,0,2,0,2,3,0,0
targets-plus-20,greedy,53,lost,246,10,0,0,0,0,3,0,0
targets-plus-20,greedy,54,lost,263,10,0,0,0,0,4,0,0
targets-plus-20,greedy,55,won,1635,20,0,9,0,9,5,0,0
targets-plus-20,greedy,56,lost,292,10,0,1,0,1,2,0,0
targets-plus-20,greedy,57,lost,841,19,0,4,0,4,3,0,0
targets-plus-20,greedy,58,lost,1226,17,0,3,0,3,4,0,0
targets-plus-20,greedy,59,lost,654,17,0,3,0,3,3,0,0
targets-plus-20,greedy,60,lost,245,10,0,2,0,2,2,0,0
targets-plus-20,greedy,61,lost,303,10,0,0,0,0,2,0,0
targets-plus-20,greedy,62,won,2209,22,0,7,0,7,5,0,0
targets-plus-20,greedy,63,lost,592,16,0,3,0,3,3,0,0
targets-plus-20,greedy,64,lost,853,17,0,3,0,3,6,0,0
targets-plus-20,greedy,65,lost,1618,25,0,2,0,2,5,0,0
targets-plus-20,greedy,66,lost,274,10,0,0,0,0,2,0,0
targets-plus-20,greedy,67,won,2106,23,0,10,0,10,6,0,0
targets-plus-20,greedy,68,lost,683,16,0,1,0,1,3,0,0
targets-plus-20,greedy,69,won,1860,13,0,6,0,6,5,0,0
targets-plus-20,greedy,70,lost,1357,21,0,6,0,6,3,0,0
targets-plus-20,greedy,71,lost,1555,23,0,3,0,3,5,0,0
targets-plus-20,greedy,72,lost,1408,20,0,9,0,9,3,1,0
targets-plus-20,greedy,73,lost,254,10,0,2,0,2,2,0,0
targets-plus-20,greedy,74,lost,1498,19,0,5,0,5,5,1,0
targets-plus-20,greedy,75,lost,1565,22,0,6,0,6,5,0,0
targets-plus-20,greedy,76,lost,788,14,0,5,0,5,3,0,0
targets-plus-20,greedy,77,lost,1348,16,0,3,0,3,4,0,0
targets-plus-20,greedy,78,lost,1304,20,0,3,0,3,3,0,0
targets-plus-20,greedy,79,won,2189,7,0,8,0,8,7,0,0
targets-plus-20,greedy,80,lost,1490,19,0,5,0,5,7,0,0
targets-plus-20,greedy,81,lost,725,17,0,8,0,8,3,0,0
targets-plus-20,greedy,82,lost,799,17,0,6,0,6,4,1,0
targets-plus-20,greedy,83,lost,788,20,0,3,0,3,3,0,0
targets-plus-20,greedy,84,lost,1033,19,0,2,0,2,3,0,0
targets-plus-20,greedy,85,lost,592,19,0,2,0,2,3,0,0
targets-plus-20,greedy,86,lost,1049,18,0,2,0,2,4,0,0
targets-plus-20,greedy,87,lost,1544,20,0,6,0,6,4,0,0
targets-plus-20,greedy,88,lost,875,17,0,2,0,2,4,0,0
targets-plus-20,greedy,89,won,1877,23,0,6,0,6,4,0,0
targets-plus-20,greedy,90,lost,662,15,0,2,0,2,3,0,0
targets-plus-20,greedy,91,lost,252,10,0,2,0,2,2,0,0
targets-plus-20,greedy,92,lost,879,14,0,2,0,2,3,0,0
targets-plus-20,greedy,93,lost,812,14,0,3,0,3,4,0,0
targets-plus-20,greedy,94,won,2084,20,0,8,0,8,5,0,0
targets-plus-20,greedy,95,won,1678,23,0,7,0,7,5,0,0
targets-plus-20,greedy,96,lost,667,16,0,1,0,1,3,0,0
targets-plus-20,greedy,97,lost,1309,25,0,11,0,11,3,0,0
targets-plus-20,greedy,98,lost,1285,20,0,5,0,5,4,1,0
targets-plus-20,greedy,99,lost,1534,26,0,6,0,6,4,1,0
targets-plus-20,greedy,100,lost,686,16,0,2,0,2,3,0,0
targets-plus-20,spender,1,lost,1756,24,0,2,0,2,6,0,0
targets-plus-20,spender,2,lost,891,14,0,2,0,2,3,0,0
targets-plus-20,spender,3,lost,1704,20,1,4,3,1,4,0,0
targets-plus-20,spender,4,lost,620,19,0,2,0,2,3,0,0
targets-plus-20,spender,5,lost,1467,24,0,2,0,2,3,0,0
targets-plus-20,spender,6,lost,793,19,1,3,3,0,2,0,0
targets-plus-20,spender,7,lost,1560,26,1,4,3,1,5,0,0
targets-plus-20,spender,8,lost,299,10,1,3,3,0,2,0,0
targets-plus-20,spender,9,lost,1468,24,2,6,6,0,4,0,0
targets-plus-20,spender,10,won,1807,23,1,4,3,1,4,0,0
targets-plus-20,spender,11,lost,1336,17,2,8,6,2,7,1,0
targets-plus-20,spender,12,lost,657,14,1,4,3,1,3,0,0
targets-plus-20,spender,13,lost,891,13,1,3,3,0,4,0,0
targets-plus-20,spender,14,lost,553,18,1,3,3,0,3,0,0
targets-plus-20,spender,15,won,1613,23,2,6,6,0,5,0,0
targets-plus-20,spender,16,lost,1554,24,0,2,0,2,4,0,0
targets-plus-20,spender,17,lost,1563,22,2,6,6,0,3,0,0
targets-plus-20,spender,18,won,2378,15,1,5,3,2,7,0,0
targets-plus-20,spender,19,lost,1343,16,0,2,0,2,7,0,0
targets-plus-20,spender,20,lost,1471,22,0,2,0,2,3,0,0
targets-plus-20,spender,21,lost,1326,20,0,1,0,1,5,0,0
targets-plus-20,spender,22,lost,209,10,0,0,0,0,3,0,0
targets-plus-20,spender,23,lost,1522,21,0,0,0,0,4,0,0
targets-plus-20,spender,24,lost,2059,22,1,5,3,2,6,2,0
targets-plus-20,spender,25,lost,310,10,1,3,3,0,2,0,0
targets-plus-20,spender,26,won,1706,14,2,6,6,0,4,0,0
targets-plus-20,spender,27,lost,946,17,0,2,0,2,4,0,0
targets-plus-20,spender,28,lost,247,10,0,1,0,1,2,0,0
targets-plus-20,spender,29,lost,721,18,1,5,3,2,3,1,0
targets-plus-20,spender,30,lost,1543,23,1,4,3,1,3,1,0
targets-plus-20,spender,31,lost,1494,25,1,3,3,0,5,0,0
targets-plus-20,spender,32,lost,640,16,0,1,0,1,4,0,0
targets-plus-20,spender,33,lost,1515,26,2,6,6,0,4,0,0
targets-plus-20,spender,34,won,1794,21,1,5,3,2,5,0,0
targets-plus-20,spender,35,lost,729,13,0,2,0,2,3,0,0
targets-plus-20,spender,36,lost,1463,21,2,6,6,0,5,0,0
targets-plus-20,spender,37,won,1672,27,2,7,6,1,4,0,0
targets-plus-20,spender,38,lost,1764,23,1,5,3,2,4,1,0
targets-plus-20,spender,39,lost,766,19,1,5,3,2,3,0,0
targets-plus-20,spender,40,lost,785,17,1,3,3,0,3,0,0
targets-plus-20,spender,41,lost,796,17,1,3,3,0,4,0,0
targets-plus-20,spender,42,lost,270,10,0,1,0,1,2,0,0
targets-plus-20,spender,43,lost,1026,27,1,3,3,0,4,1,0
targets-plus-20,spender,44,lost,1235,20,1,4,3,1,4,0,0
targets-plus-20,spender,45,lost,732,19,1,3,3,0,3,0,0
targets-plus-20,spender,46,lost,1393,23,1,5,3,2,4,0,0
targets-plus-20,spender,47,won,1623,12,1,3,3,0,5,0,0
targets-plus-20,spender,48,lost,1272,14,0,2,0,2,8,0,0
targets-plus-20,spender,49,lost,256,10,0,0,0,0,2,0,0
targets-plus-20,spender,50,won,1864,13,1,5,3,2,5,0,0
targets-plus-20,spender,51,won,2335,17,2,10,6,4,6,0,0
targets-plus-20,spender,52,lost,790,16,0,2,0,2,3,0,0
targets-plus-20,spender,53,lost,246,10,0,0,0,0,3,0,0
targets-plus-20,spender,54,lost,263,10,0,0,0,0,4,0,0
targets-plus-20,spender,55,won,1578,17,1,7,3,4,5,0,0
targets-plus-20,spender,56,lost,292,10,0,1,0,1,2,0,0
targets-plus-20,spender,57,won,1656,28,3,12,9,3,4,0,0
targets-plus-20,spender,58,won,2116,26,2,7,6,1,4,0,0
targets-plus-20,spender,59,lost,652,17,1,3,3,0,3,0,0
targets-plus-20,spender,60,lost,245,10,0,2,0,2,2,0,0
targets-plus-20,spender,61,lost,303,10,0,0,0,0,2,0,0
targets-plus-20,spender,62,lost,1285,24,2,6,6,0,3,0,0
targets-plus-20,spender,63,won,2515,15,1,4,3,1,6,0,0
targets-plus-20,spender,64,lost,862,17,1,3,3,0,6,0,0
targets-plus-20,spender,65,lost,1618,25,0,2,0,2,5,0,0
targets-plus-20,spender,66,lost,274,10,0,0,0,0,2,0,0
targets-plus-20,spender,67,lost,959,14,1,6,3,3,4,0,0
targets-plus-20,spender,68,lost,683,16,0,1,0,1,3,0,0
targets-plus-20,spender,69,lost,1699,19,1,4,3,1,4,0,0
targets-plus-20,spender,70,lost,1562,19,2,7,6,1,4,0,0
targets-plus-20,spender,71,won,1793,22,1,4,3,1,5,0,0
targets-plus-20,spender,72,won,1727,16,3,10,9,1,4,0,0
targets-plus-20,spender,73,lost,254,10,0,2,0,2,2,0,0
targets-plus-20,spender,74,won,1676,18,1,4,3,1,5,0,0
targets-plus-20,spender,75,lost,1504,20,2,7,6,1,5,1,0
targets-plus-20,spender,76,won,2331,20,1,5,3,2,8,0,0
targets-plus-20,spender,77,lost,1554,16,1,3,3,0,4,0,0
targets-plus-20,spender,78,lost,1294,20,1,3,3,0,3,0,0
targets-plus-20,spender,79,lost,735,14,1,4,3,1,2,0,0
targets-plus-20,spender,80,won,2559,23,2,7,6,1,7,0,0
targets-plus-20,spender,81,lost,670,17,1,3,3,0,3,0,0
targets-plus-20,spender,82,won,1721,24,2,8,6,2,4,1,0
targets-plus-20,spender,83,lost,779,20,1,3,3,0,3,0,0
targets-plus-20,spender,84,lost,1033,19,0,2,0,2,3,0,0
targets-plus-20,spender,85,lost,592,19,0,2,0,2,3,0,0
targets-plus-20,spender,86,lost,1049,18,0,2,0,2,4,0,0
targets-plus-20,spender,87,lost,1003,14,1,4,3,1,4,0,0
targets-plus-20,spender,88,lost,875,17,0,2,0,2,4,0,0
targets-plus-20,spender,89,won,1973,21,1,4,3,1,5,0,0
targets-plus-20,spender,90,lost,662,15,0,2,0,2,3,0,0
targets-plus-20,spender,91,lost,252,10,0,2,0,2,2,0,0
targets-plus-20,spender,92,lost,879,14,0,2,0,2,3,0,0
targets-plus-20,spender,93,won,1933,20,1,9,3,6,6,1,0
targets-plus-20,spender,94,lost,1767,21,2,7,6,1,4,0,0
targets-plus-20,spender,95,won,1680,11,1,5,3,2,6,0,0
targets-plus-20,spender,96,lost,667,16,0,1,0,1,3,0,0
targets-plus-20,spender,97,lost,650,16,1,5,3,2,3,0,0
targets-plus-20,spender,98,lost,1495,20,2,8,6,2,4,1,0
targets-plus-20,spender,99,lost,545,16,1,3,3,0,3,0,0
targets-plus-20,spender,100,lost,686,16,0,2,0,2,3,0,0
without-column,greedy,1,lost,607,13,0,2,0,2,5,0,0
without-column,greedy,2,lost,1422,20,0,7,0,7,4,1,0
without-column,greedy,3,lost,629,17,0,4,0,4,4,0,0
without-column,greedy,4,lost,626,17,0,2,0,2,3,0,0
without-column,greedy,5,won,2490,24,0,6,0,6,6,0,0
without-column,greedy,6,lost,1574,22,0,5,0,5,5,0,0
without-column,greedy,7,won,1410,18,0,2,0,2,4,0,0
without-column,greedy,8,lost,988,19,0,3,0,3,4,0,0
without-column,greedy,9,lost,681,13,0,1,0,1,4,1,0
without-column,greedy,10,won,1405,26,0,9,0,9,4,0,0
without-column,greedy,11,lost,1376,22,0,5,0,5,5,0,0
without-column,greedy,12,won,1494,15,0,5,0,5,5,0,0
without-column,greedy,13,lost,1164,24,0,6,0,6,3,0,0
without-column,greedy,14,lost,1126,27,0,6,0,6,4,0,0
without-column,greedy,15,lost,217,10,0,2,0,2,2,0,0
without-column,greedy,16,lost,1291,24,0,1,0,1,4,0,0
without-column,greedy,17,lost,1348,20,0,2,0,2,5,1,0
without-column,greedy,18,lost,631,17,0,2,0,2,4,0,0
without-column,greedy,19,lost,1642,27,0,4,0,4,4,0,0
without-column,greedy,20,lost,655,15,0,3,0,3,3,0,0
without-column,greedy,21,lost,1201,20,0,4,0,4,6,0,0
without-column,greedy,22,lost,1195,29,0,2,0,2,3,0,0
without-column,greedy,23,lost,737,16,0,2,0,2,3,0,0
without-column,greedy,24,lost,224,10,0,1,0,1,2,1,0
without-column,greedy,25,lost,1063,18,0,4,0,4,3,0,0
without-column,greedy,26,lost,1290,19,0,6,0,6,5,0,0
without-column,greedy,27,lost,1172,27,0,6,0,6,4,0,0
without-column,greedy,28,lost,1129,22,0,1,0,1,4,0,0
without-column,greedy,29,lost,1010,26,0,4,0,4,4,0,0
without-column,greedy,30,lost,596,12,0,2,0,2,3,0,0
without-column,greedy,31,lost,1590,19,0,4,0,4,5,0,0
without-column,greedy,32,lost,1087,24,0,5,0,5,4,0,0
without-column,greedy,33,lost,1022,27,0,2,0,2,3,0,0
without-column,greedy,34,lost,1462,21,0,6,0,6,4,0,0
without-column,greedy,35,won,1453,22,0,8,0,8,3,0,0
without-column,greedy,36,lost,1113,22,0,4,0,4,4,0,0
without-column,greedy,37,lost,1118,18,0,5,0,5,5,0,0
without-column,greedy,38,lost,629,12,0,3,0,3,4,0,0
without-column,greedy,39,won,1476,16,0,2,0,2,4,0,0
without-column,greedy,40,lost,1255,21,0,3,0,3,4,0,0
without-column,greedy,41,lost,1443,23,0,3,0,3,5,0,0
without-column,greedy,42,lost,612,13,0,2,0,2,5,0,0
without-column,greedy,43,won,1844,19,0,3,0,3,8,0,0
without-column,greedy,44,lost,572,11,0,5,0,5,4,1,0
without-column,greedy,45,lost,641,15,0,1,0,1,3,0,0
without-column,greedy,46,lost,635,15,0,2,0,2,3,0,0
without-column,greedy,47,lost,1060,19,0,0,0,0,4,1,0
without-column,greedy,48,lost,1801,18,0,3,0,3,7,0,0
without-column,greedy,49,lost,668,15,0,2,0,2,2,0,0
without-column,greedy,50,lost,674,17,0,3,0,3,3,0,0
without-column,greedy,51,won,1502,12,0,4,0,4,5,0,0
without-column,greedy,52,lost,1034,25,0,4,0,4,3,0,0
without-column,greedy,53,lost,1135,28,0,2,0,2,3,1,0
without-column,greedy,54,won,1864,22,0,3,0,3,7,0,0
without-column,greedy,55,won,1362,22,0,8,0,8,3,0,0
without-column,greedy,56,lost,729,15,0,3,0,3,3,0,0
without-column,greedy,57,lost,910,16,0,2,0,2,6,0,0
without-column,greedy,58,won,1330,19,0,10,0,10,5,0,0
without-column,greedy,59,lost,1272,19,0,5,0,5,3,0,0
without-column,greedy,60,lost,528,19,0,4,0,4,4,0,0
without-column,greedy,61,won,1641,28,0,8,0,8,4,0,0
without-column,greedy,62,won,1478,24,0,3,0,3,4,1,0
without-column,greedy,63,lost,1181,24,0,4,0,4,3,0,0
without-column,greedy,64,won,1366,20,0,3,0,3,3,0,0
without-column,greedy,65,won,1474,15,0,5,0,5,4,1,0
without-column,greedy,66,lost,1214,21,0,4,0,4,3,0,0
without-column,greedy,67,lost,1267,17,0,5,0,5,5,0,0
without-column,greedy,68,lost,1170,18,0,7,0,7,4,0,0
without-column,greedy,69,won,1532,20,0,5,0,5,6,0,0
without-column,greedy,70,lost,1291,12,0,1,0,1,6,0,0
without-column,greedy,71,lost,1490,22,0,1,0,1,4,0,0
without-column,greedy,72,lost,245,10,0,0,0,0,2,0,0
without-column,greedy,73,lost,229,10,0,1,0,1,2,0,0
without-column,greedy,74,won,1410,16,0,7,0,7,6,0,0
without-column,greedy,75,lost,682,17,0,1,0,1,4,1,0
without-column,greedy,76,lost,647,15,0,0,0,0,3,0,0
without-column,greedy,77,lost,1276,20,0,3,0,3,3,0,0
without-column,greedy,78,lost,677,12,0,2,0,2,3,0,0
without-column,greedy,79,lost,256,10,0,2,0,2,2,0,0
without-column,greedy,80,lost,1072,21,0,4,0,4,4,0,0
without-column,greedy,81,lost,935,16,0,2,0,2,4,0,0
without-column,greedy,82,lost,1339,24,0,5,0,5,4,2,0
without-column,greedy,83,lost,249,10,0,0,0,0,2,0,0
without-column,greedy,84,won,1409,28,0,2,0,2,4,1,0
without-column,greedy,85,lost,1142,25,0,6,0,6,3,0,0
without-column,greedy,86,lost,1260,25,0,4,0,4,4,1,0
without-column,greedy,87,lost,617,15,0,1,0,1,4,0,0
without-column,greedy,88,lost,1440,29,0,4,0,4,4,0,0
without-column,greedy,89,lost,856,13,0,6,0,6,4,0,0
without-column,greedy,90,lost,1315,27,0,4,0,4,5,0,0
without-column,greedy,91,lost,633,19,0,2,0,2,3,0,0
without-column,greedy,92,won,1325,22,0,6,0,6,3,0,0
without-column,greedy,93,lost,602,20,0,4,0,4,2,1,0
without-column,greedy,94,lost,585,16,0,0,0,0,2,0,0
without-column,greedy,95,lost,841,18,0,4,0,4,3,1,0
without-column,greedy,96,won,1626,23,0,8,0,8,3,0,0
without-column,greedy,97,lost,1168,24,0,3,0,3,4,1,0
without-column,greedy,98,lost,652,17,0,5,0,5,3,1,0
without-column,greedy,99,lost,623,20,0,2,0,2,2,1,0
without-column,greedy,100,lost,575,15,0,4,0,4,3,0,0
without-column,spender,1,lost,607,13,0,2,0,2,5,0,0
without-column,spender,2,lost,1029,20,1,4,3,1,4,0,0
without-column,spender,3,won,1447,16,1,4,3,1,6,0,0
without-column,spender,4,lost,626,17,0,2,0,2,3,0,0
without-column,spender,5,won,2344,24,2,6,6,0,6,1,0
without-column,spender,6,lost,1533,22,1,3,3,0,5,1,0
without-column,spender,7,won,1410,18,0,2,0,2,4,0,0
without-column,spender,8,lost,1011,19,1,3,3,0,4,0,0
without-column,spender,9,lost,681,13,0,1,0,1,4,1,0
without-column,spender,10,lost,1200,27,2,8,6,2,3,0,0
without-column,spender,11,won,1773,22,1,5,3,2,5,0,0
without-column,spender,12,lost,958,22,2,6,6,0,3,0,0
without-column,spender,13,lost,551,15,1,4,3,1,3,0,0
without-column,spender,14,lost,1200,29,2,6,6,0,4,0,0
without-column,spender,15,lost,217,10,0,2,0,2,2,0,0
without-column,spender,16,lost,1291,24,0,1,0,1,4,0,0
without-column,spender,17,lost,1348,20,0,2,0,2,5,1,0
without-column,spender,18,lost,631,17,0,2,0,2,4,0,0
without-column,spender,19,lost,1641,27,1,4,3,1,4,0,0
without-column,spender,20,won,2144,18,2,9,6,3,6,0,0
without-column,spender,21,won,1433,17,1,5,3,2,6,0,0
without-column,spender,22,lost,1195,29,0,2,0,2,3,0,0
without-column,spender,23,lost,737,16,0,2,0,2,3,0,0
without-column,spender,24,lost,224,10,0,1,0,1,2,1,0
without-column,spender,25,lost,1234,19,1,4,3,1,3,0,0
without-column,spender,26,lost,1070,22,1,5,3,2,3,1,0
without-column,spender,27,lost,1296,27,1,4,3,1,5,0,0
without-column,spender,28,lost,1129,22,0,1,0,1,4,0,0
without-column,spender,29,lost,1085,26,1,4,3,1,4,0,0
without-column,spender,30,lost,596,12,0,2,0,2,3,0,0
without-column,spender,31,lost,1197,19,1,3,3,0,4,0,0
without-column,spender,32,lost,1007,25,1,3,3,0,4,0,0
without-column,spender,33,lost,1022,27,0,2,0,2,3,0,0
without-column,spender,34,lost,1351,20,2,7,6,1,4,0,0
without-column,spender,35,won,1548,23,2,8,6,2,4,0,0
without-column,spender,36,lost,1277,22,2,7,6,1,4,1,0
without-column,spender,37,won,1407,17,1,4,3,1,5,0,0
without-column,spender,38,lost,1047,19,1,5,3,2,4,1,0
without-column,spender,39,won,1476,16,0,2,0,2,4,0,0
without-column,spender,40,won,1689,17,1,5,3,2,7,0,0
without-column,spender,41,lost,1398,23,1,3,3,0,5,0,0
without-column,spender,42,lost,612,13,0,2,0,2,5,0,0
without-column,spender,43,won,1704,21,1,6,3,3,4,1,0
without-column,spender,44,won,1334,18,4,13,12,1,4,0,0
without-column,spender,45,lost,641,15,0,1,0,1,3,0,0
without-column,spender,46,lost,635,15,0,2,0,2,3,0,0
without-column,spender,47,lost,1060,19,0,0,0,0,4,1,0
without-column,spender,48,lost,1770,18,1,3,3,0,7,0,0
without-column,spender,49,lost,668,15,0,2,0,2,2,0,0
without-column,spender,50,lost,563,17,1,3,3,0,3,0,0
without-column,spender,51,won,1476,16,1,5,3,2,3,1,0
without-column,spender,52,lost,1014,25,1,4,3,1,3,0,0
without-column,spender,53,lost,1135,28,0,2,0,2,3,1,0
without-column,spender,54,won,1865,21,1,3,3,0,7,0,0
without-column,spender,55,won,1596,22,2,9,6,3,5,0,0
without-column,spender,56,lost,1034,24,1,3,3,0,3,0,0
without-column,spender,57,lost,910,16,0,2,0,2,6,0,0
without-column,spender,58,won,1917,15,3,10,9,1,8,0,0
without-column,spender,59,lost,1135,20,1,5,3,2,3,0,0
without-column,spender,60,lost,546,19,1,4,3,1,4,0,0
without-column,spender,61,lost,1297,28,1,5,3,2,3,0,0
without-column,spender,62,won,1408,24,1,3,3,0,4,1,0
without-column,spender,63,won,1494,23,1,5,3,2,4,0,0
without-column,spender,64,won,1476,19,1,3,3,0,3,0,0
without-column,spender,65,won,1554,18,2,6,6,0,3,0,0
without-column,spender,66,lost,2208,20,2,6,6,0,7,0,0
without-column,spender,67,won,1543,10,2,6,6,0,5,0,0
without-column,spender,68,won,1766,11,1,5,3,2,6,0,0
without-column,spender,69,won,1472,27,2,6,6,0,4,0,0
without-column,spender,70,lost,1291,12,0,1,0,1,6,0,0
without-column,spender,71,lost,1490,22,0,1,0,1,4,0,0
without-column,spender,72,lost,245,10,0,0,0,0,2,0,0
without-column,spender,73,lost,229,10,0,1,0,1,2,0,0
without-column,spender,74,won,1368,22,2,9,6,3,5,0,0
without-column,spender,75,lost,682,17,0,1,0,1,4,1,0
without-column,spender,76,lost,647,15,0,0,0,0,3,0,0
without-column,spender,77,lost,1218,20,1,3,3,0,3,0,0
without-column,spender,78,lost,677,12,0,2,0,2,3,0,0
without-column,spender,79,lost,256,10,0,2,0,2,2,0,0
without-column,spender,80,lost,818,16,1,5,3,2,4,0,0
without-column,spender,81,lost,935,16,0,2,0,2,4,0,0
without-column,spender,82,lost,1245,24,1,4,3,1,4,1,0
without-column,spender,83,lost,249,10,0,0,0,0,2,0,0
without-column,spender,84,won,1409,28,0,2,0,2,4,1,0
without-column,spender,85,lost,761,17,1,3,3,0,3,0,0
without-column,spender,86,lost,1103,27,2,7,6,1,3,0,0
without-column,spender,87,lost,617,15,0,1,0,1,4,0,0
without-column,spender,88,won,1515,25,2,7,6,1,4,0,0
without-column,spender,89,lost,1463,16,2,7,6,1,7,0,0
without-column,spender,90,lost,1394,27,1,3,3,0,5,0,0
without-column,spender,91,lost,633,19,0,2,0,2,3,0,0
without-column,spender,92,lost,1310,20,2,9,6,3,3,0,0
without-column,spender,93,lost,651,20,1,5,3,2,4,1,0
without-column,spender,94,lost,585,16,0,0,0,0,2,0,0
without-column,spender,95,lost,884,18,1,4,3,1,3,1,0
without-column,spender,96,lost,1381,24,1,5,3,2,4,0,0
without-column,spender,97,lost,659,19,1,3,3,0,3,2,0
without-column,spender,98,won,1509,19,1,6,3,3,4,0,0
without-column,spender,99,lost,623,20,0,2,0,2,2,1,0
without-column,spender,100,lost,601,15,1,5,3,2,3,0,0
without-color,greedy,1,lost,594,13,0,3,0,3,5,0,0
without-color,greedy,2,lost,558,17,0,2,0,2,3,0,0
without-color,greedy,3,lost,1105,28,0,8,0,8,4,1,0
without-color,greedy,4,lost,901,25,0,3,0,3,3,0,0
without-color,greedy,5,lost,1390,30,0,2,0,2,4,0,0
without-color,greedy,6,lost,241,10,0,1,0,1,2,0,0
without-color,greedy,7,won,1473,19,0,2,0,2,4,0,0
without-color,greedy,8,lost,1071,18,0,1,0,1,5,0,0
without-color,greedy,9,lost,676,13,0,1,0,1,4,0,0
without-color,greedy,10,lost,536,19,0,3,0,3,2,0,0
without-color,greedy,11,lost,1375,24,0,3,0,3,5,0,0
without-color,greedy,12,lost,629,13,0,3,0,3,5,0,0
without-color,greedy,13,lost,517,17,0,3,0,3,3,0,0
without-color,greedy,14,lost,258,10,0,2,0,2,2,0,0
without-color,greedy,15,lost,217,10,0,2,0,2,2,0,0
without-color,greedy,16,won,1458,20,0,5,0,5,6,0,0
without-color,greedy,17,lost,537,15,0,3,0,3,2,0,0
without-color,greedy,18,lost,631,17,0,2,0,2,4,0,0
without-color,greedy,19,lost,849,30,0,0,0,0,2,0,0
without-color,greedy,20,lost,1340,28,0,7,0,7,3,0,0
without-color,greedy,21,lost,248,10,0,1,0,1,1,0,0
without-color,greedy,22,lost,209,10,0,0,0,0,3,0,0
without-color,greedy,23,lost,1098,17,0,4,0,4,5,0,0
without-color,greedy,24,lost,224,10,0,1,0,1,2,1,0
without-color,greedy,25,won,1369,23,0,2,0,2,4,0,0
without-color,greedy,26,lost,221,10,0,3,0,3,1,0,0
without-color,greedy,27,lost,1040,27,0,6,0,6,2,0,0
without-color,greedy,28,lost,655,18,0,3,0,3,3,0,0
without-color,greedy,29,lost,708,20,0,2,0,2,3,0,0
without-color,greedy,30,lost,256,10,0,0,0,0,2,0,0
without-color,greedy,31,lost,990,23,0,4,0,4,6,0,0
without-color,greedy,32,lost,673,15,0,3,0,3,3,0,0
without-color,greedy,33,lost,1489,19,0,4,0,4,4,0,0
without-color,greedy,34,lost,1349,23,0,4,0,4,5,0,0
without-color,greedy,35,lost,1008,20,0,6,0,6,4,1,0
without-color,greedy,36,lost,1190,22,0,4,0,4,5,2,0
without-color,greedy,37,won,1364,25,0,7,0,7,5,0,0
without-color,greedy,38,lost,1149,21,0,5,0,5,4,0,0
without-color,greedy,39,won,1400,25,0,2,0,2,4,0,0
without-color,greedy,40,won,1505,27,0,5,0,5,4,0,0
without-color,greedy,41,lost,1268,27,0,4,0,4,3,0,0
without-color,greedy,42,lost,1300,22,0,1,0,1,5,0,0
without-color,greedy,43,lost,1084,23,0,4,0,4,3,0,0
without-color,greedy,44,lost,1171,19,0,2,0,2,4,0,0
without-color,greedy,45,lost,468,15,0,0,0,0,3,0,0
without-color,greedy,46,lost,651,15,0,3,0,3,3,0,0
without-color,greedy,47,lost,1222,18,0,3,0,3,5,0,0
without-color,greedy,48,lost,1490,26,0,2,0,2,7,0,0
without-color,greedy,49,lost,574,17,0,1,0,1,2,0,0
without-color,greedy,50,lost,684,17,0,3,0,3,4,0,0
without-color,greedy,51,lost,632,15,0,2,0,2,3,0,0
without-color,greedy,52,lost,1251,24,0,7,0,7,4,0,0
without-color,greedy,53,lost,224,10,0,0,0,0,2,0,0
without-color,greedy,54,lost,810,19,0,2,0,2,4,0,0
without-color,greedy,55,lost,1099,23,0,7,0,7,3,0,0
without-color,greedy,56,lost,593,17,0,3,0,3,2,0,0
without-color,greedy,57,lost,910,16,0,2,0,2,6,0,0
without-color,greedy,58,lost,1103,27,0,5,0,5,4,1,0
without-color,greedy,59,lost,1050,24,0,4,0,4,3,1,0
without-color,greedy,60,lost,196,10,0,0,0,0,2,0,0
without-color,greedy,61,lost,1308,29,0,7,0,7,3,0,0
without-color,greedy,62,lost,681,14,0,1,0,1,3,1,0
without-color,greedy,63,won,1389,22,0,8,0,8,5,0,0
without-color,greedy,64,won,1421,27,0,2,0,2,5,0,0
without-color,greedy,65,won,1386,21,0,7,0,7,4,0,0
without-color,greedy,66,lost,250,10,0,0,0,0,2,0,0
without-color,greedy,67,lost,1029,27,0,6,0,6,3,0,0
without-color,greedy,68,lost,1184,19,0,3,0,3,4,1,0
without-color,greedy,69,won,1492,24,0,7,0,7,4,1,0
without-color,greedy,70,lost,1262,12,0,1,0,1,6,0,0
without-color,greedy,71,lost,1208,25,0,2,0,2,3,0,0
without-color,greedy,72,lost,691,18,0,1,0,1,3,1,0
without-color,greedy,73,lost,732,14,0,3,0,3,4,0,0
without-color,greedy,74,lost,1392,23,0,7,0,7,4,0,0
without-color,greedy,75,lost,1109,27,0,3,0,3,3,0,0
without-color,greedy,76,lost,1371,26,0,4,0,4,3,0,0
without-color,greedy,77,lost,638,13,0,0,0,0,3,0,0
without-color,greedy,78,lost,1360,22,0,2,0,2,4,0,0
without-color,greedy,79,lost,256,10,0,2,0,2,2,0,0
without-color,greedy,80,lost,1196,29,0,5,0,5,3,2,0
without-color,greedy,81,won,1525,22,0,6,0,6,4,0,0
without-color,greedy,82,lost,1394,19,0,5,0,5,4,1,0
without-color,greedy,83,lost,249,10,0,0,0,0,2,0,0
without-color,greedy,84,lost,561,19,0,3,0,3,3,0,0
without-color,greedy,85,lost,755,17,0,3,0,3,3,0,0
without-color,greedy,86,lost,612,17,0,3,0,3,3,0,0
without-color,greedy,87,lost,683,12,0,8,0,8,4,0,0
without-color,greedy,88,lost,660,16,0,2,0,2,4,0,0
without-color,greedy,89,won,1554,22,0,8,0,8,4,0,0
without-color,greedy,90,lost,715,19,0,2,0,2,4,0,0
without-color,greedy,91,lost,678,19,0,2,0,2,3,0,0
without-color,greedy,92,lost,1087,27,0,7,0,7,3,0,0
without-color,greedy,93,lost,455,20,0,3,0,3,2,1,0
without-color,greedy,94,lost,650,17,0,0,0,0,3,0,0
without-color,greedy,95,won,1639,21,0,4,0,4,3,0,0
without-color,greedy,96,lost,1218,22,0,4,0,4,3,1,0
without-color,greedy,97,lost,725,17,0,3,0,3,3,1,0
without-color,greedy,98,lost,794,15,0,4,0,4,6,0,0
without-color,greedy,99,lost,623,20,0,2,0,2,2,1,0
without-color,greedy,100,lost,576,18,0,3,0,3,3,0,0
without-color,spender,1,lost,693,13,1,3,3,0,5,0,0
without-color,spender,2,lost,558,17,0,2,0,2,3,0,0
without-color,spender,3,lost,1306,28,3,10,9,1,4,2,0
without-color,spender,4,lost,912,25,1,3,3,0,3,0,0
without-color,spender,5,lost,1390,30,0,2,0,2,4,0,0
without-color,spender,6,lost,241,10,0,1,0,1,2,0,0
without-color,spender,7,won,1473,19,0,2,0,2,4,0,0
without-color,spender,8,lost,1071,18,0,1,0,1,5,0,0
without-color,spender,9,lost,676,13,0,1,0,1,4,0,0
without-color,spender,10,lost,567,19,1,3,3,0,2,0,0
without-color,spender,11,lost,768,17,1,4,3,1,3,0,0
without-color,spender,12,lost,705,13,1,3,3,0,5,0,0
without-color,spender,13,lost,524,17,1,3,3,0,3,0,0
without-color,spender,14,lost,258,10,0,2,0,2,2,0,0
without-color,spender,15,lost,217,10,0,2,0,2,2,0,0
without-color,spender,16,lost,1093,23,1,3,3,0,6,1,0
without-color,spender,17,lost,489,15,1,3,3,0,2,0,0
without-color,spender,18,lost,631,17,0,2,0,2,4,0,0
without-color,spender,19,lost,849,30,0,0,0,0,2,0,0
without-color,spender,20,won,1523,21,2,7,6,1,4,0,0
without-color,spender,21,lost,248,10,0,1,0,1,1,0,0
without-color,spender,22,lost,209,10,0,0,0,0,3,0,0
without-color,spender,23,lost,1379,16,1,5,3,2,5,0,0
without-color,spender,24,lost,224,10,0,1,0,1,2,1,0
without-color,spender,25,won,1369,23,0,2,0,2,4,0,0
without-color,spender,26,lost,1705,28,2,7,6,1,6,0,0
without-color,spender,27,lost,1136,26,1,4,3,1,2,0,0
without-color,spender,28,lost,655,18,0,3,0,3,3,0,0
without-color,spender,29,lost,708,20,0,2,0,2,3,0,0
without-color,spender,30,lost,256,10,0,0,0,0,2,0,0
without-color,spender,31,lost,1005,23,1,5,3,2,6,0,0
without-color,spender,32,lost,762,15,1,3,3,0,3,0,0
without-color,spender,33,lost,1485,19,1,4,3,1,4,0,0
without-color,spender,34,lost,1179,23,1,4,3,1,5,0,0
without-color,spender,35,lost,1486,23,2,8,6,2,4,0,0
without-color,spender,36,lost,1379,22,1,5,3,2,5,1,0
without-color,spender,37,lost,1182,25,2,7,6,1,5,0,0
without-color,spender,38,lost,1046,19,1,5,3,2,4,1,0
without-color,spender,39,won,1400,25,0,2,0,2,4,0,0
without-color,spender,40,lost,1127,26,2,7,6,1,4,0,0
without-color,spender,41,lost,1200,27,2,7,6,1,3,0,0
without-color,spender,42,lost,1300,22,0,1,0,1,5,0,0
without-color,spender,43,lost,1049,23,1,4,3,1,3,0,0
without-color,spender,44,lost,1171,19,0,2,0,2,4,0,0
without-color,spender,45,lost,468,15,0,0,0,0,3,0,0
without-color,spender,46,lost,615,15,1,3,3,0,3,0,0
without-color,spender,47,lost,1222,18,0,3,0,3,5,0,0
without-color,spender,48,lost,1490,26,0,2,0,2,7,0,0
without-color,spender,49,lost,574,17,0,1,0,1,2,0,0
without-color,spender,50,lost,573,17,1,3,3,0,4,0,0
without-color,spender,51,lost,632,15,0,2,0,2,3,0,0
without-color,spender,52,lost,1044,24,1,3,3,0,4,0,0
without-color,spender,53,lost,224,10,0,0,0,0,2,0,0
without-color,spender,54,lost,810,19,0,2,0,2,4,0,0
without-color,spender,55,lost,1196,23,4,12,12,0,4,0,0
without-color,spender,56,lost,544,17,1,3,3,0,2,0,0
without-color,spender,57,lost,910,16,0,2,0,2,6,0,0
without-color,spender,58,lost,1152,27,1,5,3,2,4,1,0
without-color,spender,59,lost,1267,24,1,4,3,1,3,0,0
without-color,spender,60,lost,196,10,0,0,0,0,2,0,0
without-color,spender,61,won,1548,24,1,5,3,2,5,0,0
without-color,spender,62,lost,681,14,0,1,0,1,3,1,0
without-color,spender,63,lost,660,15,1,3,3,0,4,0,0
without-color,spender,64,won,1421,27,0,2,0,2,5,0,0
without-color,spender,65,won,1423,16,2,7,6,1,5,0,0
without-color,spender,66,lost,250,10,0,0,0,0,2,0,0
without-color,spender,67,lost,655,17,1,5,3,2,2,1,0
without-color,spender,68,lost,1184,19,0,3,0,3,4,1,0
without-color,spender,69,lost,1445,27,2,7,6,1,4,0,0
without-color,spender,70,lost,1262,12,0,1,0,1,6,0,0
without-color,spender,71,lost,1208,25,0,2,0,2,3,0,0
without-color,spender,72,lost,691,18,0,1,0,1,3,1,0
without-color,spender,73,lost,712,14,1,4,3,1,4,0,0
without-color,spender,74,lost,1370,23,2,8,6,2,4,1,0
without-color,spender,75,lost,1109,27,0,3,0,3,3,0,0
without-color,spender,76,lost,1190,26,1,5,3,2,3,0,0
without-color,spender,77,lost,638,13,0,0,0,0,3,0,0
without-color,spender,78,lost,1360,22,0,2,0,2,4,0,0
without-color,spender,79,lost,256,10,0,2,0,2,2,0,0
without-color,spender,80,lost,671,20,1,3,3,0,3,0,0
without-color,spender,81,lost,1198,23,1,5,3,2,4,0,0
without-color,spender,82,won,2057,17,2,6,6,0,6,1,0
without-color,spender,83,lost,249,10,0,0,0,0,2,0,0
without-color,spender,84,lost,697,19,1,3,3,0,4,0,0
without-color,spender,85,lost,690,17,1,3,3,0,3,0,0
without-color,spender,86,lost,987,26,3,9,9,0,3,0,0
without-color,spender,87,lost,682,12,1,5,3,2,4,0,0
without-color,spender,88,lost,660,16,0,2,0,2,4,0,0
without-color,spender,89,lost,1542,16,2,7,6,1,7,0,0
without-color,spender,90,lost,715,19,0,2,0,2,4,0,0
without-color,spender,91,lost,678,19,0,2,0,2,3,0,0
without-color,spender,92,won,1397,20,1,6,3,3,4,0,0
without-color,spender,93,lost,1347,28,1,3,3,0,4,2,0
without-color,spender,94,lost,650,17,0,0,0,0,3,0,0
without-color,spender,95,won,1623,22,1,4,3,1,3,0,0
without-color,spender,96,lost,1330,22,1,5,3,2,3,1,0
without-color,spender,97,lost,1341,26,1,4,3,1,4,1,0
without-color,spender,98,lost,1360,25,1,3,3,0,6,2,0
without-color,spender,99,lost,623,20,0,2,0,2,2,1,0
without-color,spender,100,lost,510,18,1,3,3,0,3,0,0
without-number,greedy,1,lost,1291,17,0,4,0,4,5,0,0
without-number,greedy,2,won,1469,23,0,7,0,7,6,0,0
without-number,greedy,3,lost,1208,28,0,8,0,8,4,1,0
without-number,greedy,4,lost,578,17,0,1,0,1,2,0,0
without-number,greedy,5,lost,763,20,0,0,0,0,3,0,0
without-number,greedy,6,lost,981,28,0,3,0,3,4,0,0
without-number,greedy,7,lost,577,11,0,1,0,1,4,0,0
without-number,greedy,8,won,1365,21,0,9,0,9,4,0,0
without-number,greedy,9,lost,1004,27,0,3,0,3,3,1,0
without-number,greedy,10,lost,708,12,0,2,0,2,4,0,0
without-number,greedy,11,lost,786,17,0,3,0,3,3,0,0
without-number,greedy,12,won,1482,22,0,6,0,6,3,0,0
without-number,greedy,13,lost,1197,20,0,7,0,7,5,0,0
without-number,greedy,14,lost,465,20,0,2,0,2,2,0,0
without-number,greedy,15,lost,1093,22,0,8,0,8,5,0,0
without-number,greedy,16,lost,1246,22,0,4,0,4,3,0,0
without-number,greedy,17,lost,540,14,0,3,0,3,3,0,0
without-number,greedy,18,won,1448,23,0,1,0,1,3,0,0
without-number,greedy,19,lost,1637,21,0,4,0,4,6,0,0
without-number,greedy,20,lost,1323,28,0,8,0,8,3,0,0
without-number,greedy,21,won,1361,20,0,8,0,8,4,0,0
without-number,greedy,22,lost,209,10,0,0,0,0,3,0,0
without-number,greedy,23,lost,639,14,0,3,0,3,3,0,0
without-number,greedy,24,lost,224,10,0,1,0,1,2,1,0
without-number,greedy,25,lost,1201,24,0,5,0,5,4,0,0
without-number,greedy,26,lost,1298,22,0,5,0,5,4,0,0
without-number,greedy,27,lost,652,15,0,6,0,6,3,0,0
without-number,greedy,28,lost,655,18,0,3,0,3,3,0,0
without-number,greedy,29,lost,1046,22,0,2,0,2,5,0,0
without-number,greedy,30,lost,256,10,0,0,0,0,2,0,0
without-number,greedy,31,lost,641,17,0,4,0,4,3,0,0
without-number,greedy,32,lost,559,15,0,2,0,2,4,0,0
without-number,greedy,33,lost,1576,19,0,5,0,5,4,0,0
without-number,greedy,34,lost,1158,23,0,2,0,2,3,1,0
without-number,greedy,35,lost,1373,19,0,6,0,6,6,0,0
without-number,greedy,36,lost,999,20,0,5,0,5,4,1,0
without-number,greedy,37,lost,692,18,0,1,0,1,4,0,0
without-number,greedy,38,lost,1033,21,0,5,0,5,4,1,0
without-number,greedy,39,won,1641,26,0,3,0,3,4,0,0
without-number,greedy,40,lost,1200,21,0,3,0,3,3,0,0
without-number,greedy,41,lost,460,19,0,1,0,1,2,0,0
without-number,greedy,42,lost,1488,22,0,2,0,2,7,0,0
without-number,greedy,43,lost,236,10,0,0,0,0,2,1,0
without-number,greedy,44,lost,1187,19,0,4,0,4,5,1,0
without-number,greedy,45,lost,1165,29,0,1,0,1,3,1,0
without-number,greedy,46,lost,651,15,0,3,0,3,3,0,0
without-number,greedy,47,lost,907,17,0,4,0,4,5,1,0
without-number,greedy,48,lost,1044,18,0,3,0,3,7,0,0
without-number,greedy,49,lost,661,15,0,3,0,3,3,1,0
without-number,greedy,50,lost,700,17,0,3,0,3,4,0,0
without-number,greedy,51,lost,1322,23,0,3,0,3,4,0,0
without-number,greedy,52,lost,259,10,0,1,0,1,2,0,0
without-number,greedy,53,lost,224,10,0,0,0,0,2,0,0
without-number,greedy,54,lost,1064,29,0,4,0,4,4,0,0
without-number,greedy,55,lost,705,15,0,5,0,5,2,0,0
without-number,greedy,56,lost,593,17,0,3,0,3,2,0,0
without-number,greedy,57,lost,1216,25,0,3,0,3,4,0,0
without-number,greedy,58,won,2286,23,0,9,0,9,8,0,0
without-number,greedy,59,lost,1357,24,0,4,0,4,4,1,0
without-number,greedy,60,lost,196,10,0,0,0,0,2,0,0
without-number,greedy,61,won,1396,23,0,5,0,5,4,1,0
without-number,greedy,62,lost,647,13,0,2,0,2,3,1,0
without-number,greedy,63,lost,1221,17,0,6,0,6,5,0,0
without-number,greedy,64,lost,1346,27,0,2,0,2,5,0,0
without-number,greedy,65,lost,674,14,0,4,0,4,3,0,0
without-number,greedy,66,lost,250,10,0,0,0,0,2,0,0
without-number,greedy,67,lost,1021,27,0,6,0,6,3,0,0
without-number,greedy,68,lost,1058,23,0,4,0,4,3,0,0
without-number,greedy,69,lost,1259,28,0,4,0,4,3,0,0
without-number,greedy,70,lost,1186,15,0,1,0,1,6,0,0
without-number,greedy,71,won,1352,19,0,1,0,1,4,0,0
without-number,greedy,72,lost,254,10,0,1,0,1,1,0,0
without-number,greedy,73,lost,732,14,0,3,0,3,4,0,0
without-number,greedy,74,lost,1329,29,0,10,0,10,3,0,0
without-number,greedy,75,lost,1485,27,0,4,0,4,4,0,0
without-number,greedy,76,lost,717,14,0,2,0,2,4,0,0
without-number,greedy,77,lost,678,13,0,0,0,0,3,0,0
without-number,greedy,78,lost,1031,18,0,2,0,2,4,0,0
without-number,greedy,79,lost,1192,21,0,6,0,6,4,0,0
without-number,greedy,80,lost,1020,29,0,2,0,2,3,1,0
without-number,greedy,81,lost,1043,26,0,4,0,4,3,0,0
without-number,greedy,82,lost,1209,21,0,1,0,1,4,1,0
without-number,greedy,83,lost,1103,24,0,4,0,4,3,0,0
without-number,greedy,84,lost,561,19,0,3,0,3,3,0,0
without-number,greedy,85,lost,755,17,0,3,0,3,3,0,0
without-number,greedy,86,lost,630,16,0,4,0,4,4,0,0
without-number,greedy,87,lost,1068,25,0,7,0,7,3,1,0
without-number,greedy,88,lost,660,16,0,2,0,2,4,0,0
without-number,greedy,89,lost,629,13,0,3,0,3,4,1,0
without-number,greedy,90,won,1446,24,0,6,0,6,5,0,0
without-number,greedy,91,lost,628,19,0,2,0,2,3,0,0
without-number,greedy,92,won,1588,20,0,8,0,8,4,1,0
without-number,greedy,93,lost,226,10,0,2,0,2,2,1,0
without-number,greedy,94,lost,754,13,0,0,0,0,4,0,0
without-number,greedy,95,lost,1162,23,0,4,0,4,3,1,0
without-number,greedy,96,lost,720,18,0,2,0,2,3,0,0
without-number,greedy,97,lost,1386,23,0,4,0,4,5,1,0
without-number,greedy,98,lost,794,15,0,4,0,4,6,0,0
without-number,greedy,99,won,1413,20,0,3,0,3,5,1,0
without-number,greedy,100,won,1478,25,0,6,0,6,5,0,0
without-number,spender,1,won,1691,22,1,4,3,1,6,0,0
without-number,spender,2,lost,1226,23,1,4,3,1,6,0,0
without-number,spender,3,won,1338,26,2,7,6,1,4,2,0
without-number,spender,4,lost,578,17,0,1,0,1,2,0,0
without-number,spender,5,lost,763,20,0,0,0,0,3,0,0
without-number,spender,6,lost,981,28,0,3,0,3,4,0,0
without-number,spender,7,lost,577,11,0,1,0,1,4,0,0
without-number,spender,8,lost,699,17,1,3,3,0,4,0,0
without-number,spender,9,lost,1010,27,1,3,3,0,3,1,0
without-number,spender,10,lost,708,12,0,2,0,2,4,0,0
without-number,spender,11,lost,772,17,1,4,3,1,3,0,0
without-number,spender,12,lost,1459,24,1,6,3,3,4,1,0
without-number,spender,13,won,1632,16,1,5,3,2,5,0,0
without-number,spender,14,lost,465,20,0,2,0,2,2,0,0
without-number,spender,15,lost,1366,25,2,8,6,2,4,0,0
without-number,spender,16,lost,1478,21,2,6,6,0,6,1,0
without-number,spender,17,lost,492,14,1,3,3,0,3,0,0
without-number,spender,18,won,1448,23,0,1,0,1,3,0,0
without-number,spender,19,lost,1609,21,1,4,3,1,6,0,0
without-number,spender,20,lost,1379,21,1,5,3,2,6,0,0
without-number,spender,21,lost,698,12,1,5,3,2,4,0,0
without-number,spender,22,lost,209,10,0,0,0,0,3,0,0
without-number,spender,23,lost,726,14,1,3,3,0,3,0,0
without-number,spender,24,lost,224,10,0,1,0,1,2,1,0
without-number,spender,25,lost,1068,24,1,3,3,0,4,0,0
without-number,spender,26,won,1387,22,2,7,6,1,3,0,0
without-number,spender,27,lost,586,15,2,7,6,1,3,0,0
without-number,spender,28,lost,655,18,0,3,0,3,3,0,0
without-number,spender,29,lost,1046,22,0,2,0,2,5,0,0
without-number,spender,30,lost,256,10,0,0,0,0,2,0,0
without-number,spender,31,lost,613,17,1,4,3,1,3,0,0
without-number,spender,32,lost,559,15,0,2,0,2,4,0,0
without-number,spender,33,lost,1307,19,1,3,3,0,4,0,0
without-number,spender,34,lost,1158,23,0,2,0,2,3,1,0
without-number,spender,35,lost,1762,22,2,6,6,0,6,0,0
without-number,spender,36,won,1811,12,1,5,3,2,4,0,0
without-number,spender,37,lost,692,18,0,1,0,1,4,0,0
without-number,spender,38,lost,1090,19,2,7,6,1,4,0,0
without-number,spender,39,won,1867,26,1,3,3,0,4,0,0
without-number,spender,40,lost,1303,27,2,8,6,2,3,0,0
without-number,spender,41,lost,460,19,0,1,0,1,2,0,0
without-number,spender,42,lost,1488,22,0,2,0,2,7,0,0
without-number,spender,43,lost,236,10,0,0,0,0,2,1,0
without-number,spender,44,lost,675,17,2,6,6,0,3,1,0
without-number,spender,45,lost,1165,29,0,1,0,1,3,1,0
without-number,spender,46,lost,630,15,1,3,3,0,3,0,0
without-number,spender,47,lost,934,18,1,4,3,1,5,0,0
without-number,spender,48,lost,1085,18,1,3,3,0,7,0,0
without-number,spender,49,won,1482,25,1,4,3,1,5,0,0
without-number,spender,50,lost,630,17,1,3,3,0,4,0,0
without-number,spender,51,won,1383,23,1,4,3,1,3,0,0
without-number,spender,52,lost,259,10,0,1,0,1,2,0,0
without-number,spender,53,lost,224,10,0,0,0,0,2,0,0
without-number,spender,54,lost,1174,29,1,3,3,0,4,0,0
without-number,spender,55,lost,718,15,1,3,3,0,2,0,0
without-number,spender,56,won,1329,21,1,4,3,1,5,1,0
without-number,spender,57,lost,1271,25,1,3,3,0,4,0,0
without-number,spender,58,lost,2119,27,2,7,6,1,8,1,0
without-number,spender,59,lost,1275,24,2,8,6,2,4,2,0
without-number,spender,60,lost,196,10,0,0,0,0,2,0,0
without-number,spender,61,won,1510,23,1,5,3,2,4,1,0
without-number,spender,62,lost,647,13,0,2,0,2,3,1,0
without-number,spender,63,lost,1200,17,1,5,3,2,5,0,0
without-number,spender,64,lost,1346,27,0,2,0,2,5,0,0
without-number,spender,65,won,1359,21,2,8,6,2,3,0,0
without-number,spender,66,lost,250,10,0,0,0,0,2,0,0
without-number,spender,67,lost,655,17,1,5,3,2,2,1,0
without-number,spender,68,lost,1190,23,1,5,3,2,3,0,0
without-number,spender,69,lost,1208,28,1,5,3,2,3,0,0
without-number,spender,70,lost,1186,15,0,1,0,1,6,0,0
without-number,spender,71,won,1352,19,0,1,0,1,4,0,0
without-number,spender,72,lost,254,10,0,1,0,1,1,0,0
without-number,spender,73,lost,712,14,1,4,3,1,4,0,0
without-number,spender,74,lost,1133,25,1,4,3,1,5,0,0
without-number,spender,75,lost,1330,27,1,7,3,4,3,0,0
without-number,spender,76,lost,717,14,0,2,0,2,4,0,0
without-number,spender,77,lost,678,13,0,0,0,0,3,0,0
without-number,spender,78,lost,1031,18,0,2,0,2,4,0,0
without-number,spender,79,lost,1017,18,1,4,3,1,4,0,0
without-number,spender,80,lost,1020,29,0,2,0,2,3,1,0
without-number,spender,81,lost,631,17,1,4,3,1,3,0,0
without-number,spender,82,lost,1209,21,0,1,0,1,4,1,0
without-number,spender,83,lost,1236,24,1,7,3,4,3,0,0
without-number,spender,84,lost,564,19,1,3,3,0,3,0,0
without-number,spender,85,lost,690,17,1,3,3,0,3,0,0
without-number,spender,86,lost,690,16,1,4,3,1,4,0,0
without-number,spender,87,lost,1115,23,1,3,3,0,3,0,0
without-number,spender,88,lost,660,16,0,2,0,2,4,0,0
without-number,spender,89,lost,689,13,1,3,3,0,4,1,0
without-number,spender,90,won,1452,25,1,4,3,1,3,0,0
without-number,spender,91,lost,628,19,0,2,0,2,3,0,0
without-number,spender,92,lost,1395,22,2,6,6,0,4,0,0
without-number,spender,93,lost,226,10,0,2,0,2,2,1,0
without-number,spender,94,lost,754,13,0,0,0,0,4,0,0
without-number,spender,95,lost,1168,23,1,4,3,1,3,1,0
without-number,spender,96,lost,720,18,0,2,0,2,3,0,0
without-number,spender,97,lost,1121,25,1,4,3,1,4,1,0
without-number,spender,98,lost,1313,25,1,4,3,1,6,2,0
without-number,spender,99,lost,1153,24,1,3,3,0,4,1,0
without-number,spender,100,lost,605,17,1,3,3,0,4,0,0
without-bomb,greedy,1,lost,1112,22,0,3,0,3,5,0,0
without-bomb,greedy,2,lost,1196,23,0,7,0,7,4,0,0
without-bomb,greedy,3,lost,1028,29,0,8,0,8,4,1,0
without-bomb,greedy,4,lost,1119,25,0,3,0,3,4,0,0
without-bomb,greedy,5,won,1666,22,0,5,0,5,6,0,0
without-bomb,greedy,6,lost,1004,26,0,3,0,3,3,0,0
without-bomb,greedy,7,lost,1248,19,0,4,0,4,4,0,0
without-bomb,greedy,8,lost,1151,28,0,5,0,5,3,0,0
without-bomb,greedy,9,lost,1175,26,0,3,0,3,3,0,0
without-bomb,greedy,10,lost,595,15,0,4,0,4,3,0,0
without-bomb,greedy,11,lost,1955,22,0,5,0,5,7,0,0
without-bomb,greedy,12,lost,1291,19,0,4,0,4,4,0,0
without-bomb,greedy,13,won,1845,11,0,8,0,8,7,0,0
without-bomb,greedy,14,lost,1204,28,0,7,0,7,4,0,0
without-bomb,greedy,15,won,1738,26,0,12,0,12,6,0,0
without-bomb,greedy,16,won,1491,19,0,8,0,8,3,0,0
without-bomb,greedy,17,lost,1422,24,0,8,0,8,4,1,0
without-bomb,greedy,18,lost,1260,23,0,2,0,2,3,0,0
without-bomb,greedy,19,lost,1637,21,0,4,0,4,6,0,0
without-bomb,greedy,20,lost,1323,26,0,5,0,5,4,0,0
without-bomb,greedy,21,lost,630,13,0,1,0,1,3,1,0
without-bomb,greedy,22,lost,209,10,0,0,0,0,3,0,0
without-bomb,greedy,23,lost,702,13,0,2,0,2,3,1,0
without-bomb,greedy,24,lost,639,17,0,2,0,2,3,0,0
without-bomb,greedy,25,lost,197,10,0,1,0,1,2,0,0
without-bomb,greedy,26,won,1871,17,0,7,0,7,5,0,0
without-bomb,greedy,27,lost,652,15,0,6,0,6,3,0,0
without-bomb,greedy,28,lost,247,10,0,0,0,0,2,0,0
without-bomb,greedy,29,lost,993,30,0,4,0,4,3,0,0
without-bomb,greedy,30,lost,580,15,0,1,0,1,3,0,0
without-bomb,greedy,31,lost,625,17,0,2,0,2,3,0,0
without-bomb,greedy,32,lost,748,13,0,4,0,4,3,1,0
without-bomb,greedy,33,lost,1957,18,0,1,0,1,9,0,0
without-bomb,greedy,34,lost,550,16,0,0,0,0,2,0,0
without-bomb,greedy,35,lost,913,13,0,5,0,5,7,0,0
without-bomb,greedy,36,lost,1204,20,0,4,0,4,4,0,0
without-bomb,greedy,37,lost,627,15,0,5,0,5,2,0,0
without-bomb,greedy,38,won,1458,20,0,9,0,9,4,0,0
without-bomb,greedy,39,won,1357,26,0,2,0,2,4,0,0
without-bomb,greedy,40,lost,1269,26,0,5,0,5,3,0,0
without-bomb,greedy,41,lost,558,16,0,3,0,3,3,0,0
without-bomb,greedy,42,lost,1247,26,0,5,0,5,3,0,0
without-bomb,greedy,43,lost,997,22,0,1,0,1,4,0,0
without-bomb,greedy,44,lost,1115,19,0,4,0,4,3,1,0
without-bomb,greedy,45,lost,760,19,0,2,0,2,3,0,0
without-bomb,greedy,46,lost,614,15,0,1,0,1,3,0,0
without-bomb,greedy,47,lost,907,17,0,4,0,4,5,1,0
without-bomb,greedy,48,lost,1044,18,0,3,0,3,7,0,0
without-bomb,greedy,49,lost,256,10,0,0,0,0,2,0,0
without-bomb,greedy,50,lost,1562,23,0,3,0,3,4,0,0
without-bomb,greedy,51,won,1385,16,0,4,0,4,4,0,0
without-bomb,greedy,52,lost,657,19,0,2,0,2,3,0,0
without-bomb,greedy,53,lost,1562,21,0,5,0,5,5,0,0
without-bomb,greedy,54,lost,1097,29,0,4,0,4,4,0,0
without-bomb,greedy,55,lost,634,15,0,6,0,6,2,0,0
without-bomb,greedy,56,won,1392,25,0,2,0,2,3,0,0
without-bomb,greedy,57,lost,710,19,0,1,0,1,3,0,0
without-bomb,greedy,58,lost,1045,17,0,5,0,5,6,0,0
without-bomb,greedy,59,lost,1261,24,0,4,0,4,3,1,0
without-bomb,greedy,60,lost,196,10,0,0,0,0,2,0,0
without-bomb,greedy,61,lost,627,19,0,2,0,2,2,0,0
without-bomb,greedy,62,won,1827,17,0,3,0,3,5,0,0
without-bomb,greedy,63,lost,1224,18,0,3,0,3,5,0,0
without-bomb,greedy,64,lost,713,17,0,2,0,2,5,1,0
without-bomb,greedy,65,lost,598,15,0,1,0,1,2,0,0
without-bomb,greedy,66,won,1398,26,0,4,0,4,5,1,0
without-bomb,greedy,67,lost,1404,24,0,3,0,3,4,0,0
without-bomb,greedy,68,lost,978,21,0,5,0,5,3,0,0
without-bomb,greedy,69,lost,647,12,0,2,0,2,3,0,0
without-bomb,greedy,70,lost,1147,15,0,1,0,1,6,0,0
without-bomb,greedy,71,won,1530,19,0,4,0,4,4,0,0
without-bomb,greedy,72,lost,1174,21,0,2,0,2,3,0,0
without-bomb,greedy,73,lost,580,14,0,3,0,3,4,0,0
without-bomb,greedy,74,won,3739,16,0,9,0,9,12,0,0
without-bomb,greedy,75,won,1732,18,0,3,0,3,6,0,0
without-bomb,greedy,76,lost,723,14,0,2,0,2,3,0,0
without-bomb,greedy,77,lost,607,15,0,2,0,2,3,0,0
without-bomb,greedy,78,lost,530,13,0,2,0,2,3,0,0
without-bomb,greedy,79,lost,1156,16,0,3,0,3,4,0,0
without-bomb,greedy,80,lost,1020,29,0,2,0,2,3,1,0
without-bomb,greedy,81,lost,653,18,0,2,0,2,3,0,0
without-bomb,greedy,82,lost,748,17,0,0,0,0,4,1,0
without-bomb,greedy,83,won,1434,24,0,4,0,4,5,0,0
without-bomb,greedy,84,lost,1120,24,0,1,0,1,3,0,0
without-bomb,greedy,85,lost,698,17,0,2,0,2,3,0,0
without-bomb,greedy,86,lost,570,16,0,4,0,4,3,0,0
without-bomb,greedy,87,lost,1244,14,0,5,0,5,6,0,0
without-bomb,greedy,88,lost,603,16,0,3,0,3,4,0,0
without-bomb,greedy,89,lost,656,13,0,2,0,2,4,0,0
without-bomb,greedy,90,lost,653,19,0,1,0,1,2,0,0
without-bomb,greedy,91,lost,252,10,0,0,0,0,2,0,0
without-bomb,greedy,92,lost,727,14,0,4,0,4,4,0,0
without-bomb,greedy,93,lost,966,26,0,5,0,5,3,0,0
without-bomb,greedy,94,lost,1195,21,0,1,0,1,3,0,0
without-bomb,greedy,95,lost,723,16,0,4,0,4,4,0,0
without-bomb,greedy,96,lost,729,18,0,2,0,2,3,0,0
without-bomb,greedy,97,lost,905,18,0,4,0,4,4,0,0
without-bomb,greedy,98,lost,794,15,0,4,0,4,6,0,0
without-bomb,greedy,99,won,1618,19,0,3,0,3,7,0,0
without-bomb,greedy,100,lost,1195,26,0,8,0,8,4,0,0
without-bomb,spender,1,lost,1105,24,1,5,3,2,4,0,0
without-bomb,spender,2,won,1491,13,3,10,9,1,5,0,0
without-bomb,spender,3,lost,694,19,1,4,3,1,4,1,0
without-bomb,spender,4,lost,1136,25,1,3,3,0,4,0,0
without-bomb,spender,5,lost,1328,23,1,3,3,0,5,1,0
without-bomb,spender,6,lost,1075,26,1,3,3,0,3,0,0
without-bomb,spender,7,lost,1197,19,1,3,3,0,4,0,0
without-bomb,spender,8,lost,612,19,1,4,3,1,3,0,0
without-bomb,spender,9,lost,1205,26,1,3,3,0,3,0,0
without-bomb,spender,10,lost,595,15,0,4,0,4,3,0,0
without-bomb,spender,11,lost,2024,22,1,5,3,2,7,0,0
without-bomb,spender,12,won,1432,19,1,5,3,2,4,0,0
without-bomb,spender,13,lost,1302,17,2,6,6,0,5,0,0
without-bomb,spender,14,lost,1278,29,2,7,6,1,4,0,0
without-bomb,spender,15,won,1488,22,3,9,9,0,5,0,0
without-bomb,spender,16,lost,1128,21,2,6,6,0,3,0,0
without-bomb,spender,17,lost,1388,22,2,7,6,1,4,0,0
without-bomb,spender,18,lost,1260,23,0,2,0,2,3,0,0
without-bomb,spender,19,lost,1609,21,1,4,3,1,6,0,0
without-bomb,spender,20,won,1448,20,1,7,3,4,4,0,0
without-bomb,spender,21,lost,630,13,0,1,0,1,3,1,0
without-bomb,spender,22,lost,209,10,0,0,0,0,3,0,0
without-bomb,spender,23,lost,702,13,0,2,0,2,3,1,0
without-bomb,spender,24,lost,639,17,0,2,0,2,3,0,0
without-bomb,spender,25,lost,197,10,0,1,0,1,2,0,0
without-bomb,spender,26,lost,590,14,1,4,3,1,3,0,0
without-bomb,spender,27,lost,586,15,2,7,6,1,3,0,0
without-bomb,spender,28,lost,247,10,0,0,0,0,2,0,0
without-bomb,spender,29,lost,1006,30,1,4,3,1,3,0,0
without-bomb,spender,30,lost,580,15,0,1,0,1,3,0,0
without-bomb,spender,31,lost,625,17,0,2,0,2,3,0,0
without-bomb,spender,32,lost,749,13,1,5,3,2,3,0,0
without-bomb,spender,33,lost,1957,18,0,1,0,1,9,0,0
without-bomb,spender,34,lost,550,16,0,0,0,0,2,0,0
without-bomb,spender,35,lost,1035,23,2,7,6,1,2,0,0
without-bomb,spender,36,won,1570,18,1,6,3,3,4,0,0
without-bomb,spender,37,lost,668,15,1,4,3,1,2,0,0
without-bomb,spender,38,won,1405,13,2,8,6,2,6,0,0
without-bomb,spender,39,won,1357,26,0,2,0,2,4,0,0
without-bomb,spender,40,won,1645,27,1,3,3,0,4,0,0
without-bomb,spender,41,lost,495,16,1,3,3,0,3,1,0
without-bomb,spender,42,lost,1162,26,1,5,3,2,3,1,0
without-bomb,spender,43,lost,997,22,0,1,0,1,4,0,0
without-bomb,spender,44,lost,1301,23,2,8,6,2,4,1,0
without-bomb,spender,45,lost,760,19,0,2,0,2,3,0,0
without-bomb,spender,46,lost,614,15,0,1,0,1,3,0,0
without-bomb,spender,47,lost,934,18,1,4,3,1,5,0,0
without-bomb,spender,48,lost,1084,18,1,3,3,0,7,0,0
without-bomb,spender,49,lost,256,10,0,0,0,0,2,0,0
without-bomb,spender,50,lost,1562,23,0,3,0,3,4,0,0
without-bomb,spender,51,won,1345,15,1,4,3,1,4,0,0
without-bomb,spender,52,lost,657,19,0,2,0,2,3,0,0
without-bomb,spender,53,lost,1210,21,1,4,3,1,5,0,0
without-bomb,spender,54,lost,1211,29,1,4,3,1,4,0,0
without-bomb,spender,55,lost,527,15,1,5,3,2,2,0,0
without-bomb,spender,56,won,1392,25,0,2,0,2,3,0,0
without-bomb,spender,57,lost,710,19,0,1,0,1,3,0,0
without-bomb,spender,58,lost,1337,23,3,10,9,1,6,0,0
without-bomb,spender,59,lost,1104,25,2,6,6,0,3,1,0
without-bomb,spender,60,lost,196,10,0,0,0,0,2,0,0
without-bomb,spender,61,lost,627,19,0,2,0,2,2,0,0
without-bomb,spender,62,won,1634,18,1,3,3,0,4,0,0
without-bomb,spender,63,lost,1224,18,0,3,0,3,5,0,0
without-bomb,spender,64,lost,713,17,0,2,0,2,5,1,0
without-bomb,spender,65,lost,598,15,0,1,0,1,2,0,0
without-bomb,spender,66,won,1369,24,2,6,6,0,5,0,0
without-bomb,spender,67,lost,698,14,1,4,3,1,3,0,0
without-bomb,spender,68,won,1413,18,1,4,3,1,3,0,0
without-bomb,spender,69,lost,647,12,0,2,0,2,3,0,0
without-bomb,spender,70,lost,1147,15,0,1,0,1,6,0,0
without-bomb,spender,71,won,1466,21,1,4,3,1,4,0,0
without-bomb,spender,72,lost,1174,21,0,2,0,2,3,0,0
without-bomb,spender,73,lost,675,14,1,3,3,0,4,0,0
without-bomb,spender,74,lost,3521,22,2,8,6,2,12,1,0
without-bomb,spender,75,won,1732,18,0,3,0,3,6,0,0
without-bomb,spender,76,lost,723,14,0,2,0,2,3,0,0
without-bomb,spender,77,lost,607,15,0,2,0,2,3,0,0
without-bomb,spender,78,lost,530,13,0,2,0,2,3,0,0
without-bomb,spender,79,lost,1186,16,1,4,3,1,4,0,0
without-bomb,spender,80,lost,1020,29,0,2,0,2,3,1,0
without-bomb,spender,81,lost,653,18,0,2,0,2,3,0,0
without-bomb,spender,82,lost,748,17,0,0,0,0,4,1,0
without-bomb,spender,83,won,1556,25,2,8,6,2,5,0,0
without-bomb,spender,84,lost,1120,24,0,1,0,1,3,0,0
without-bomb,spender,85,lost,698,17,0,2,0,2,3,0,0
without-bomb,spender,86,lost,1134,26,2,7,6,1,4,1,0
without-bomb,spender,87,won,1456,13,1,4,3,1,6,0,0
without-bomb,spender,88,lost,603,16,0,3,0,3,4,0,0
without-bomb,spender,89,lost,656,13,0,2,0,2,4,0,0
without-bomb,spender,90,lost,653,19,0,1,0,1,2,0,0
without-bomb,spender,91,lost,252,10,0,0,0,0,2,0,0
without-bomb,spender,92,lost,611,14,1,5,3,2,4,0,0
without-bomb,spender,93,lost,2029,21,1,5,3,2,7,0,0
without-bomb,spender,94,lost,1195,21,0,1,0,1,3,0,0
without-bomb,spender,95,lost,1452,22,1,5,3,2,4,0,0
without-bomb,spender,96,lost,729,18,0,2,0,2,3,0,0
without-bomb,spender,97,lost,1053,18,1,4,3,1,4,1,0
without-bomb,spender,98,lost,1454,25,1,4,3,1,6,2,0
without-bomb,spender,99,lost,749,14,1,3,3,0,4,0,0
without-bomb,spender,100,lost,605,17,1,3,3,0,4,0,0
without-coin,greedy,1,lost,1551,23,0,0,0,0,3,0,0
without-coin,greedy,2,lost,891,14,0,0,0,0,3,0,0
without-coin,greedy,3,lost,1334,19,0,0,0,0,4,0,0
without-coin,greedy,4,lost,1386,26,0,0,0,0,4,0,0
without-coin,greedy,5,lost,1467,24,0,0,0,0,3,0,0
without-coin,greedy,6,lost,697,18,0,0,0,0,3,0,0
without-coin,greedy,7,won,1350,19,0,0,0,0,4,0,0
without-coin,greedy,8,lost,1340,25,0,0,0,0,5,1,0
without-coin,greedy,9,lost,1437,22,0,0,0,0,4,0,0
without-coin,greedy,10,won,1921,15,0,0,0,0,5,0,0
without-coin,greedy,11,lost,1280,17,0,0,0,0,7,0,0
without-coin,greedy,12,lost,806,14,0,0,0,0,3,0,0
without-coin,greedy,13,lost,861,13,0,0,0,0,4,0,0
without-coin,greedy,14,lost,1310,23,0,0,0,0,4,0,0
without-coin,greedy,15,won,1601,22,0,0,0,0,3,0,0
without-coin,greedy,16,won,1488,17,0,0,0,0,3,0,0
without-coin,greedy,17,won,1562,16,0,0,0,0,3,0,0
without-coin,greedy,18,won,1477,16,0,0,0,0,4,0,0
without-coin,greedy,19,lost,1343,16,0,0,0,0,7,0,0
without-coin,greedy,20,lost,1400,22,0,0,0,0,4,0,0
without-coin,greedy,21,lost,1326,20,0,0,0,0,5,0,0
without-coin,greedy,22,lost,209,10,0,0,0,0,3,0,0
without-coin,greedy,23,lost,1100,19,0,0,0,0,4,0,0
without-coin,greedy,24,won,1613,23,0,0,0,0,5,1,0
without-coin,greedy,25,won,1549,28,0,0,0,0,3,0,0
without-coin,greedy,26,lost,1388,14,0,0,0,0,5,0,0
without-coin,greedy,27,lost,946,17,0,0,0,0,4,0,0
without-coin,greedy,28,lost,247,10,0,0,0,0,2,0,0
without-coin,greedy,29,lost,629,14,0,0,0,0,3,1,0
without-coin,greedy,30,won,1406,24,0,0,0,0,4,0,0
without-coin,greedy,31,lost,1653,19,0,0,0,0,5,0,0
without-coin,greedy,32,lost,640,16,0,0,0,0,4,0,0
without-coin,greedy,33,lost,1482,25,0,0,0,0,4,0,0
without-coin,greedy,34,won,1669,19,0,0,0,0,5,0,0
without-coin,greedy,35,lost,660,12,0,0,0,0,2,0,0
without-coin,greedy,36,lost,1269,20,0,0,0,0,5,0,0
without-coin,greedy,37,lost,695,17,0,0,0,0,2,0,0
without-coin,greedy,38,lost,1290,18,0,0,0,0,4,1,0
without-coin,greedy,39,won,1359,20,0,0,0,0,5,0,0
without-coin,greedy,40,lost,1134,24,0,0,0,0,3,0,0
without-coin,greedy,41,won,1467,22,0,0,0,0,4,0,0
without-coin,greedy,42,lost,1219,25,0,0,0,0,3,0,0
without-coin,greedy,43,lost,984,22,0,0,0,0,4,0,0
without-coin,greedy,44,won,1686,16,0,0,0,0,6,0,0
without-coin,greedy,45,lost,816,19,0,0,0,0,3,0,0
without-coin,greedy,46,lost,1100,20,0,0,0,0,4,0,0
without-coin,greedy,47,lost,1091,16,0,0,0,0,4,0,0
without-coin,greedy,48,lost,1272,14,0,0,0,0,8,0,0
without-coin,greedy,49,lost,256,10,0,0,0,0,2,0,0
without-coin,greedy,50,lost,909,20,0,0,0,0,3,0,0
without-coin,greedy,51,lost,1333,16,0,0,0,0,5,0,0
without-coin,greedy,52,lost,624,15,0,0,0,0,3,0,0
without-coin,greedy,53,lost,246,10,0,0,0,0,3,0,0
without-coin,greedy,54,won,1356,23,0,0,0,0,4,0,0
without-coin,greedy,55,won,1619,15,0,0,0,0,4,0,0
without-coin,greedy,56,won,1467,19,0,0,0,0,4,0,0
without-coin,greedy,57,lost,1194,28,0,0,0,0,3,0,0
without-coin,greedy,58,lost,1226,17,0,0,0,0,4,0,0
without-coin,greedy,59,lost,1171,20,0,0,0,0,5,0,0
without-coin,greedy,60,lost,245,10,0,0,0,0,2,0,0
without-coin,greedy,61,lost,1038,28,0,0,0,0,2,0,0
without-coin,greedy,62,lost,1214,20,0,0,0,0,3,0,0
without-coin,greedy,63,won,1460,11,0,0,0,0,4,0,0
without-coin,greedy,64,lost,853,17,0,0,0,0,6,0,0
without-coin,greedy,65,lost,1138,19,0,0,0,0,3,0,0
without-coin,greedy,66,won,1495,22,0,0,0,0,4,0,0
without-coin,greedy,67,won,2106,23,0,0,0,0,6,0,0
without-coin,greedy,68,lost,1197,22,0,0,0,0,4,0,0
without-coin,greedy,69,won,1749,12,0,0,0,0,5,0,0
without-coin,greedy,70,lost,1346,16,0,0,0,0,4,0,0
without-coin,greedy,71,won,1540,14,0,0,0,0,6,0,0
without-coin,greedy,72,won,1350,20,0,0,0,0,3,0,0
without-coin,greedy,73,lost,254,10,0,0,0,0,2,0,0
without-coin,greedy,74,won,1514,13,0,0,0,0,5,0,0
without-coin,greedy,75,won,1332,23,0,0,0,0,3,0,0
without-coin,greedy,76,lost,788,14,0,0,0,0,3,0,0
without-coin,greedy,77,won,1687,19,0,0,0,0,4,0,0
without-coin,greedy,78,lost,1304,20,0,0,0,0,3,0,0
without-coin,greedy,79,lost,1228,18,0,0,0,0,2,0,0
without-coin,greedy,80,lost,1326,26,0,0,0,0,3,0,0
without-coin,greedy,81,lost,1292,25,0,0,0,0,3,0,0
without-coin,greedy,82,lost,1263,27,0,0,0,0,4,1,0
without-coin,greedy,83,lost,1257,23,0,0,0,0,6,0,0
without-coin,greedy,84,lost,1364,29,0,0,0,0,4,0,0
without-coin,greedy,85,lost,684,18,0,0,0,0,3,0,0
without-coin,greedy,86,won,1670,25,0,0,0,0,4,0,0
without-coin,greedy,87,lost,1538,17,0,0,0,0,3,2,0
without-coin,greedy,88,lost,1205,24,0,0,0,0,3,0,0
without-coin,greedy,89,lost,617,13,0,0,0,0,4,0,0
without-coin,greedy,90,lost,662,15,0,0,0,0,3,0,0
without-coin,greedy,91,lost,252,10,0,0,0,0,2,0,0
without-coin,greedy,92,lost,879,14,0,0,0,0,3,0,0
without-coin,greedy,93,lost,1190,21,0,0,0,0,4,1,0
without-coin,greedy,94,lost,456,14,0,0,0,0,2,0,0
without-coin,greedy,95,lost,1661,17,0,0,0,0,4,0,0
without-coin,greedy,96,won,1529,10,0,0,0,0,5,0,0
without-coin,greedy,97,lost,1256,22,0,0,0,0,3,1,0
without-coin,greedy,98,lost,1285,20,0,0,0,0,4,1,0
without-coin,greedy,99,lost,518,15,0,0,0,0,3,1,0
without-coin,greedy,100,lost,686,16,0,0,0,0,3,0,0
without-coin,spender,1,lost,1551,23,0,0,0,0,3,0,0
without-coin,spender,2,lost,891,14,0,0,0,0,3,0,0
without-coin,spender,3,lost,1334,19,0,0,0,0,4,0,0
without-coin,spender,4,lost,1386,26,0,0,0,0,4,0,0
without-coin,spender,5,lost,1467,24,0,0,0,0,3,0,0
without-coin,spender,6,lost,697,18,0,0,0,0,3,0,0
without-coin,spender,7,won,1350,19,0,0,0,0,4,0,0
without-coin,spender,8,lost,1340,25,0,0,0,0,5,1,0
without-coin,spender,9,lost,1437,22,0,0,0,0,4,0,0
without-coin,spender,10,won,1921,15,0,0,0,0,5,0,0
without-coin,spender,11,lost,1280,17,0,0,0,0,7,0,0
without-coin,spender,12,lost,806,14,0,0,0,0,3,0,0
without-coin,spender,13,lost,861,13,0,0,0,0,4,0,0
without-coin,spender,14,lost,1310,23,0,0,0,0,4,0,0
without-coin,spender,15,won,1601,22,0,0,0,0,3,0,0
without-coin,spender,16,won,1488,17,0,0,0,0,3,0,0
without-coin,spender,17,won,1562,16,0,0,0,0,3,0,0
without-coin,spender,18,won,1477,16,0,0,0,0,4,0,0
without-coin,spender,19,lost,1343,16,0,0,0,0,7,0,0
without-coin,spender,20,lost,1400,22,0,0,0,0,4,0,0
without-coin,spender,21,lost,1326,20,0,0,0,0,5,0,0
without-coin,spender,22,lost,209,10,0,0,0,0,3,0,0
without-coin,spender,23,lost,1100,19,0,0,0,0,4,0,0
without-coin,spender,24,won,1613,23,0,0,0,0,5,1,0
without-coin,spender,25,won,1549,28,0,0,0,0,3,0,0
without-coin,spender,26,lost,1388,14,0,0,0,0,5,0,0
without-coin,spender,27,lost,946,17,0,0,0,0,4,0,0
without-coin,spender,28,lost,247,10,0,0,0,0,2,0,0
without-coin,spender,29,lost,629,14,0,0,0,0,3,1,0
without-coin,spender,30,won,1406,24,0,0,0,0,4,0,0
without-coin,spender,31,lost,1653,19,0,0,0,0,5,0,0
without-coin,spender,32,lost,640,16,0,0,0,0,4,0,0
without-coin,spender,33,lost,1482,25,0,0,0,0,4,0,0
without-coin,spender,34,won,1669,19,0,0,0,0,5,0,0
without-coin,spender,35,lost,660,12,0,0,0,0,2,0,0
without-coin,spender,36,lost,1269,20,0,0,0,0,5,0,0
without-coin,spender,37,lost,695,17,0,0,0,0,2,0,0
without-coin,spender,38,lost,1290,18,0,0,0,0,4,1,0
without-coin,spender,39,won,1359,20,0,0,0,0,5,0,0
without-coin,spender,40,lost,1134,24,0,0,0,0,3,0,0
without-coin,spender,41,won,1467,22,0,0,0,0,4,0,0
without-coin,spender,42,lost,1219,25,0,0,0,0,3,0,0
without-coin,spender,43,lost,984,22,0,0,0,0,4,0,0
without-coin,spender,44,won,1686,16,0,0,0,0,6,0,0
without-coin,spender,45,lost,816,19,0,0,0,0,3,0,0
without-coin,spender,46,lost,1100,20,0,0,0,0,4,0,0
without-coin,spender,47,lost,1091,16,0,0,0,0,4,0,0
without-coin,spender,48,lost,1272,14,0,0,0,0,8,0,0
without-coin,spender,49,lost,256,10,0,0,0,0,2,0,0
without-coin,spender,50,lost,909,20,0,0,0,0,3,0,0
without-coin,spender,51,lost,1333,16,0,0,0,0,5,0,0
without-coin,spender,52,lost,624,15,0,0,0,0,3,0,0
without-coin,spender,53,lost,246,10,0,0,0,0,3,0,0
without-coin,spender,54,won,1356,23,0,0,0,0,4,0,0
without-coin,spender,55,won,1619,15,0,0,0,0,4,0,0
without-coin,spender,56,won,1467,19,0,0,0,0,4,0,0
without-coin,spender,57,lost,1194,28,0,0,0,0,3,0,0
without-coin,spender,58,lost,1226,17,0,0,0,0,4,0,0
without-coin,spender,59,lost,1171,20,0,0,0,0,5,0,0
without-coin,spender,60,lost,245,10,0,0,0,0,2,0,0
without-coin,spender,61,lost,1038,28,0,0,0,0,2,0,0
without-coin,spender,62,lost,1214,20,0,0,0,0,3,0,0
without-coin,spender,63,won,1460,11,0,0,0,0,4,0,0
without-coin,spender,64,lost,853,17,0,0,0,0,6,0,0
without-coin,spender,65,lost,1138,19,0,0,0,0,3,0,0
without-coin,spender,66,won,1495,22,0,0,0,0,4,0,0
without-coin,spender,67,won,2106,23,0,0,0,0,6,0,0
without-coin,spender,68,lost,1197,22,0,0,0,0,4,0,0
without-coin,spender,69,won,1749,12,0,0,0,0,5,0,0
without-coin,spender,70,lost,1346,16,0,0,0,0,4,0,0
without-coin,spender,71,won,1540,14,0,0,0,0,6,0,0
without-coin,spender,72,won,1350,20,0,0,0,0,3,0,0
without-coin,spender,73,lost,254,10,0,0,0,0,2,0,0
without-coin,spender,74,won,1514,13,0,0,0,0,5,0,0
without-coin,spender,75,won,1332,23,0,0,0,0,3,0,0
without-coin,spender,76,lost,788,14,0,0,0,0,3,0,0
without-coin,spender,77,won,1687,19,0,0,0,0,4,0,0
without-coin,spender,78,lost,1304,20,0,0,0,0,3,0,0
without-coin,spender,79,lost,1228,18,0,0,0,0,2,0,0
without-coin,spender,80,lost,1326,26,0,0,0,0,3,0,0
without-coin,spender,81,lost,1292,25,0,0,0,0,3,0,0
without-coin,spender,82,lost,1263,27,0,0,0,0,4,1,0
without-coin,spender,83,lost,1257,23,0,0,0,0,6,0,0
without-coin,spender,84,lost,1364,29,0,0,0,0,4,0,0
without-coin,spender,85,lost,684,18,0,0,0,0,3,0,0
without-coin,spender,86,won,1670,25,0,0,0,0,4,0,0
without-coin,spender,87,lost,1538,17,0,0,0,0,3,2,0
without-coin,spender,88,lost,1205,24,0,0,0,0,3,0,0
without-coin,spender,89,lost,617,13,0,0,0,0,4,0,0
without-coin,spender,90,lost,662,15,0,0,0,0,3,0,0
without-coin,spender,91,lost,252,10,0,0,0,0,2,0,0
without-coin,spender,92,lost,879,14,0,0,0,0,3,0,0
without-coin,spender,93,lost,1190,21,0,0,0,0,4,1,0
without-coin,spender,94,lost,456,14,0,0,0,0,2,0,0
without-coin,spender,95,lost,1661,17,0,0,0,0,4,0,0
without-coin,spender,96,won,1529,10,0,0,0,0,5,0,0
without-coin,spender,97,lost,1256,22,0,0,0,0,3,1,0
without-coin,spender,98,lost,1285,20,0,0,0,0,4,1,0
without-coin,spender,99,lost,518,15,0,0,0,0,3,1,0
without-coin,spender,100,lost,686,16,0,0,0,0,3,0,0
